{
    "now": "2021-08-20T15:03:17.615Z",
    "perfNow": 2120868.599999994,
    "diagnosticCorrelation": "115b9c8d-3f66-4261-8194-a47f1b444d73",
    "source": "DownloadSupportFiles",
    "environment": {
        "productName": "adf",
        "buildVersion": "1.0.20210817.11",
        "environmentType": 3,
        "resourceName": "antraazure",
        "resourceRegion": "eastus",
        "resourceGroup": "antra_azure",
        "subscriptionId": "f7581c15-340a-405c-91be-1ac59461c70a",
        "sessionId": "X+s4x",
        "operationId": "G0iWU",
        "gitType": "live"
    },
    "additionalInfo": {
        "selectedResource": "ODSToDWIntegrationEmp",
        "selectedResourceType": "pipeline"
    }
}