{
    "name": "DWIntegrationTran",
    "properties": {
        "linkedServiceName": {
            "referenceName": "wwi_dw",
            "type": "LinkedServiceReference"
        },
        "folder": {
            "name": "DWIntegration"
        },
        "annotations": [],
        "type": "AzureSqlTable",
        "schema": [
            {
                "name": "Transaction Staging Key",
                "type": "bigint",
                "precision": 19
            },
            {
                "name": "Date Key",
                "type": "date"
            },
            {
                "name": "Customer Key",
                "type": "int",
                "precision": 10
            },
            {
                "name": "Bill To Customer Key",
                "type": "int",
                "precision": 10
            },
            {
                "name": "Supplier Key",
                "type": "int",
                "precision": 10
            },
            {
                "name": "Transaction Type Key",
                "type": "int",
                "precision": 10
            },
            {
                "name": "Payment Method Key",
                "type": "int",
                "precision": 10
            },
            {
                "name": "WWI Customer Transaction ID",
                "type": "int",
                "precision": 10
            },
            {
                "name": "WWI Supplier Transaction ID",
                "type": "int",
                "precision": 10
            },
            {
                "name": "WWI Invoice ID",
                "type": "int",
                "precision": 10
            },
            {
                "name": "WWI Purchase Order ID",
                "type": "int",
                "precision": 10
            },
            {
                "name": "Supplier Invoice Number",
                "type": "nvarchar"
            },
            {
                "name": "Total Excluding Tax",
                "type": "decimal",
                "precision": 18,
                "scale": 2
            },
            {
                "name": "Tax Amount",
                "type": "decimal",
                "precision": 18,
                "scale": 2
            },
            {
                "name": "Total Including Tax",
                "type": "decimal",
                "precision": 18,
                "scale": 2
            },
            {
                "name": "Outstanding Balance",
                "type": "decimal",
                "precision": 18,
                "scale": 2
            },
            {
                "name": "Is Finalized",
                "type": "bit"
            },
            {
                "name": "WWI Customer ID",
                "type": "int",
                "precision": 10
            },
            {
                "name": "WWI Bill To Customer ID",
                "type": "int",
                "precision": 10
            },
            {
                "name": "WWI Supplier ID",
                "type": "int",
                "precision": 10
            },
            {
                "name": "WWI Transaction Type ID",
                "type": "int",
                "precision": 10
            },
            {
                "name": "WWI Payment Method ID",
                "type": "int",
                "precision": 10
            },
            {
                "name": "Last Modified When",
                "type": "datetime2",
                "scale": 7
            }
        ],
        "typeProperties": {
            "schema": "Integration",
            "table": "Transaction_Staging"
        }
    },
    "type": "Microsoft.DataFactory/factories/datasets"
}