{
    "name": "ODSPurchasingSuppT",
    "properties": {
        "linkedServiceName": {
            "referenceName": "wwi_staging",
            "type": "LinkedServiceReference"
        },
        "folder": {
            "name": "ODS"
        },
        "annotations": [],
        "type": "AzureSqlTable",
        "schema": [
            {
                "name": "SupplierTransactionID",
                "type": "int",
                "precision": 10
            },
            {
                "name": "SupplierID",
                "type": "int",
                "precision": 10
            },
            {
                "name": "TransactionTypeID",
                "type": "int",
                "precision": 10
            },
            {
                "name": "PurchaseOrderID",
                "type": "int",
                "precision": 10
            },
            {
                "name": "PaymentMethodID",
                "type": "int",
                "precision": 10
            },
            {
                "name": "SupplierInvoiceNumber",
                "type": "nvarchar"
            },
            {
                "name": "TransactionDate",
                "type": "date"
            },
            {
                "name": "AmountExcludingTax",
                "type": "decimal",
                "precision": 18,
                "scale": 2
            },
            {
                "name": "TaxAmount",
                "type": "decimal",
                "precision": 18,
                "scale": 2
            },
            {
                "name": "TransactionAmount",
                "type": "decimal",
                "precision": 18,
                "scale": 2
            },
            {
                "name": "OutstandingBalance",
                "type": "decimal",
                "precision": 18,
                "scale": 2
            },
            {
                "name": "FinalizationDate",
                "type": "date"
            },
            {
                "name": "IsFinalized",
                "type": "bit"
            },
            {
                "name": "LastEditedBy",
                "type": "int",
                "precision": 10
            },
            {
                "name": "LastEditedWhen",
                "type": "datetime2",
                "scale": 7
            },
            {
                "name": "SurrogateID",
                "type": "nvarchar"
            },
            {
                "name": "IngestDatetime",
                "type": "datetime2",
                "scale": 7
            }
        ],
        "typeProperties": {
            "schema": "Purchasing",
            "table": "SupplierTransactions"
        }
    },
    "type": "Microsoft.DataFactory/factories/datasets"
}