{
    "name": "ODSToDWIntegrationTranType",
    "properties": {
        "folder": {
            "name": "ODSToDWIntegration"
        },
        "type": "MappingDataFlow",
        "typeProperties": {
            "sources": [
                {
                    "dataset": {
                        "referenceName": "ODSAppTranT",
                        "type": "DatasetReference"
                    },
                    "name": "ODSTranType"
                }
            ],
            "sinks": [
                {
                    "dataset": {
                        "referenceName": "DWIntegrationTranT",
                        "type": "DatasetReference"
                    },
                    "name": "DWIntegrationTranType"
                }
            ],
            "transformations": [
                {
                    "name": "SelectTranTypeCol"
                },
                {
                    "name": "AddIngestDatetime"
                }
            ],
            "script": "source(output(\n\t\tTransactionTypeID as integer,\n\t\tTransactionTypeName as string,\n\t\tLastEditedBy as integer,\n\t\tValidFrom as timestamp,\n\t\tValidTo as timestamp,\n\t\tSurrogateID as string,\n\t\tIngestDatetime as timestamp\n\t),\n\tallowSchemaDrift: true,\n\tvalidateSchema: false,\n\tisolationLevel: 'READ_UNCOMMITTED',\n\tformat: 'table') ~> ODSTranType\nODSTranType select(mapColumn(\n\t\t{Transaction Type Surrogate Key} = SurrogateID,\n\t\t{WWI Transaction Type ID} = TransactionTypeID,\n\t\t{Transaction Type} = TransactionTypeName,\n\t\t{Valid From} = ValidFrom,\n\t\t{Valid To} = ValidTo\n\t),\n\tskipDuplicateMapInputs: true,\n\tskipDuplicateMapOutputs: true) ~> SelectTranTypeCol\nSelectTranTypeCol derive({Ingset Datetime} = currentTimestamp()) ~> AddIngestDatetime\nAddIngestDatetime sink(allowSchemaDrift: true,\n\tvalidateSchema: false,\n\tinput(\n\t\t{Transaction Type Staging Key} as integer,\n\t\t{WWI Transaction Type ID} as integer,\n\t\t{Transaction Type} as string,\n\t\t{Valid From} as timestamp,\n\t\t{Valid To} as timestamp\n\t),\n\tdeletable:false,\n\tinsertable:true,\n\tupdateable:false,\n\tupsertable:false,\n\trecreate:true,\n\tformat: 'table',\n\tskipDuplicateMapInputs: true,\n\tskipDuplicateMapOutputs: true,\n\terrorHandlingOption: 'stopOnFirstError') ~> DWIntegrationTranType"
        }
    }
}