{
    "name": "ODSAppPeopl",
    "properties": {
        "linkedServiceName": {
            "referenceName": "wwi_staging",
            "type": "LinkedServiceReference"
        },
        "folder": {
            "name": "ODS"
        },
        "annotations": [],
        "type": "AzureSqlTable",
        "schema": [
            {
                "name": "PersonID",
                "type": "int",
                "precision": 10
            },
            {
                "name": "FullName",
                "type": "nvarchar"
            },
            {
                "name": "PreferredName",
                "type": "nvarchar"
            },
            {
                "name": "SearchName",
                "type": "nvarchar"
            },
            {
                "name": "IsPermittedToLogon",
                "type": "bit"
            },
            {
                "name": "LogonName",
                "type": "nvarchar"
            },
            {
                "name": "IsExternalLogonProvider",
                "type": "bit"
            },
            {
                "name": "HashedPassword",
                "type": "varbinary"
            },
            {
                "name": "IsSystemUser",
                "type": "bit"
            },
            {
                "name": "IsEmployee",
                "type": "bit"
            },
            {
                "name": "IsSalesperson",
                "type": "bit"
            },
            {
                "name": "UserPreferences",
                "type": "nvarchar"
            },
            {
                "name": "PhoneNumber",
                "type": "nvarchar"
            },
            {
                "name": "FaxNumber",
                "type": "nvarchar"
            },
            {
                "name": "EmailAddress",
                "type": "nvarchar"
            },
            {
                "name": "Photo",
                "type": "varbinary"
            },
            {
                "name": "CustomFields",
                "type": "nvarchar"
            },
            {
                "name": "OtherLanguages",
                "type": "nvarchar"
            },
            {
                "name": "LastEditedBy",
                "type": "int",
                "precision": 10
            },
            {
                "name": "ValidFrom",
                "type": "datetime2",
                "scale": 7
            },
            {
                "name": "ValidTo",
                "type": "datetime2",
                "scale": 7
            },
            {
                "name": "SurrogateID",
                "type": "nvarchar"
            },
            {
                "name": "IngestDatetime",
                "type": "datetime2",
                "scale": 7
            }
        ],
        "typeProperties": {
            "schema": "Application",
            "table": "People"
        }
    },
    "type": "Microsoft.DataFactory/factories/datasets"
}