{
    "name": "ODSSalesBuyG",
    "properties": {
        "linkedServiceName": {
            "referenceName": "wwi_staging",
            "type": "LinkedServiceReference"
        },
        "folder": {
            "name": "ODS"
        },
        "annotations": [],
        "type": "AzureSqlTable",
        "schema": [
            {
                "name": "BuyingGroupID",
                "type": "int",
                "precision": 10
            },
            {
                "name": "BuyingGroupName",
                "type": "nvarchar"
            },
            {
                "name": "LastEditedBy",
                "type": "int",
                "precision": 10
            },
            {
                "name": "ValidFrom",
                "type": "datetime2",
                "scale": 7
            },
            {
                "name": "ValidTo",
                "type": "datetime2",
                "scale": 7
            },
            {
                "name": "SurrogateID",
                "type": "nvarchar"
            },
            {
                "name": "IngestDatetime",
                "type": "datetime2",
                "scale": 7
            }
        ],
        "typeProperties": {
            "schema": "Sales",
            "table": "BuyingGroups"
        }
    },
    "type": "Microsoft.DataFactory/factories/datasets"
}