{
    "name": "ODSToDWIntegrationPay",
    "properties": {
        "folder": {
            "name": "ODSToDWIntegration"
        },
        "type": "MappingDataFlow",
        "typeProperties": {
            "sources": [
                {
                    "dataset": {
                        "referenceName": "ODSAppPay",
                        "type": "DatasetReference"
                    },
                    "name": "ODSAppPay"
                }
            ],
            "sinks": [
                {
                    "dataset": {
                        "referenceName": "DWIntegrationPay",
                        "type": "DatasetReference"
                    },
                    "name": "DWIntegrationPay"
                }
            ],
            "transformations": [
                {
                    "name": "SelectPay"
                },
                {
                    "name": "AddIngestDatetime"
                }
            ],
            "script": "source(output(\n\t\tPaymentMethodID as integer,\n\t\tPaymentMethodName as string,\n\t\tLastEditedBy as integer,\n\t\tValidFrom as timestamp,\n\t\tValidTo as timestamp,\n\t\tSurrogateID as string,\n\t\tIngestDatetime as timestamp\n\t),\n\tallowSchemaDrift: true,\n\tvalidateSchema: false,\n\tisolationLevel: 'READ_UNCOMMITTED',\n\tformat: 'table') ~> ODSAppPay\nODSAppPay select(mapColumn(\n\t\t{Payment Method Surrogate Key } = SurrogateID,\n\t\t{WWI Payment Method ID} = PaymentMethodID,\n\t\t{Payment Method} = PaymentMethodName,\n\t\t{Valid From} = ValidFrom,\n\t\t{Valid To} = ValidTo\n\t),\n\tskipDuplicateMapInputs: true,\n\tskipDuplicateMapOutputs: true) ~> SelectPay\nSelectPay derive({Ingest Datetime} = currentTimestamp()) ~> AddIngestDatetime\nAddIngestDatetime sink(allowSchemaDrift: true,\n\tvalidateSchema: false,\n\tinput(\n\t\t{Payment Method Staging Key} as integer,\n\t\t{WWI Payment Method ID} as integer,\n\t\t{Payment Method} as string,\n\t\t{Valid From} as timestamp,\n\t\t{Valid To} as timestamp\n\t),\n\tdeletable:false,\n\tinsertable:true,\n\tupdateable:false,\n\tupsertable:false,\n\trecreate:true,\n\tformat: 'table',\n\tskipDuplicateMapInputs: true,\n\tskipDuplicateMapOutputs: true,\n\terrorHandlingOption: 'stopOnFirstError') ~> DWIntegrationPay"
        }
    }
}