{
    "name": "ODSToDWIntegrationCity",
    "properties": {
        "folder": {
            "name": "ODSToDWIntegration"
        },
        "type": "MappingDataFlow",
        "typeProperties": {
            "sources": [
                {
                    "dataset": {
                        "referenceName": "ODSAppCity",
                        "type": "DatasetReference"
                    },
                    "name": "ODSAppCity"
                },
                {
                    "dataset": {
                        "referenceName": "ODSAppState",
                        "type": "DatasetReference"
                    },
                    "name": "ODSAppState"
                },
                {
                    "dataset": {
                        "referenceName": "ODSAppCount",
                        "type": "DatasetReference"
                    },
                    "name": "ODSAppCoun"
                }
            ],
            "sinks": [
                {
                    "dataset": {
                        "referenceName": "DWIntegrationCity",
                        "type": "DatasetReference"
                    },
                    "name": "DWIntegrationCity"
                }
            ],
            "transformations": [
                {
                    "name": "JoinCityState"
                },
                {
                    "name": "JoinCityStateCoun"
                },
                {
                    "name": "SelectCol"
                },
                {
                    "name": "AddIngestDatetime"
                }
            ],
            "script": "source(output(\n\t\tCityID as integer,\n\t\tCityName as string,\n\t\tStateProvinceID as integer,\n\t\tLocation as binary,\n\t\tLatestRecordedPopulation as long,\n\t\tLastEditedBy as integer,\n\t\tValidFrom as timestamp,\n\t\tValidTo as timestamp,\n\t\tSurrogateID as string,\n\t\tIngestDatetime as timestamp\n\t),\n\tallowSchemaDrift: true,\n\tvalidateSchema: false,\n\tisolationLevel: 'READ_UNCOMMITTED',\n\tformat: 'table') ~> ODSAppCity\nsource(output(\n\t\tStateProvinceID as integer,\n\t\tStateProvinceCode as string,\n\t\tStateProvinceName as string,\n\t\tCountryID as integer,\n\t\tSalesTerritory as string,\n\t\tBorder as binary,\n\t\tLatestRecordedPopulation as long,\n\t\tLastEditedBy as integer,\n\t\tValidFrom as timestamp,\n\t\tValidTo as timestamp,\n\t\tSurrogateID as string,\n\t\tIngestDatetime as timestamp\n\t),\n\tallowSchemaDrift: true,\n\tvalidateSchema: false,\n\tisolationLevel: 'READ_UNCOMMITTED',\n\tformat: 'table') ~> ODSAppState\nsource(output(\n\t\tCountryID as integer,\n\t\tCountryName as string,\n\t\tFormalName as string,\n\t\tIsoAlpha3Code as string,\n\t\tIsoNumericCode as integer,\n\t\tCountryType as string,\n\t\tLatestRecordedPopulation as long,\n\t\tContinent as string,\n\t\tRegion as string,\n\t\tSubregion as string,\n\t\tBorder as binary,\n\t\tLastEditedBy as integer,\n\t\tValidFrom as timestamp,\n\t\tValidTo as timestamp,\n\t\tSurrogateID as string,\n\t\tIngestDatetime as timestamp\n\t),\n\tallowSchemaDrift: true,\n\tvalidateSchema: false,\n\tisolationLevel: 'READ_UNCOMMITTED',\n\tformat: 'table') ~> ODSAppCoun\nODSAppCity, ODSAppState join(ODSAppCity@StateProvinceID == ODSAppState@StateProvinceID,\n\tjoinType:'inner',\n\tbroadcast: 'auto')~> JoinCityState\nJoinCityState, ODSAppCoun join(ODSAppState@CountryID == ODSAppCoun@CountryID,\n\tjoinType:'inner',\n\tbroadcast: 'auto')~> JoinCityStateCoun\nJoinCityStateCoun select(mapColumn(\n\t\t{City Surrogate Key} = ODSAppCity@SurrogateID,\n\t\t{WWI City ID} = CityID,\n\t\tCity = CityName,\n\t\t{State Province} = StateProvinceName,\n\t\tCountry = CountryName,\n\t\tContinent,\n\t\t{Sales Territory} = SalesTerritory,\n\t\tRegion,\n\t\tSubregion,\n\t\tLocation,\n\t\t{Latest Recorded Population} = ODSAppCity@LatestRecordedPopulation,\n\t\t{Valid From} = ODSAppCity@ValidFrom,\n\t\t{Valid To} = ODSAppCity@ValidTo\n\t),\n\tskipDuplicateMapInputs: true,\n\tskipDuplicateMapOutputs: true) ~> SelectCol\nSelectCol derive({Ingest Datetime} = currentTimestamp()) ~> AddIngestDatetime\nAddIngestDatetime sink(allowSchemaDrift: true,\n\tvalidateSchema: false,\n\tinput(\n\t\t{City Staging Key} as integer,\n\t\t{WWI City ID} as integer,\n\t\tCity as string,\n\t\t{State Province} as string,\n\t\tCountry as string,\n\t\tContinent as string,\n\t\t{Sales Territory} as string,\n\t\tRegion as string,\n\t\tSubregion as string,\n\t\tLocation as binary,\n\t\t{Latest Recorded Population} as long,\n\t\t{Valid From} as timestamp,\n\t\t{Valid To} as timestamp\n\t),\n\tdeletable:false,\n\tinsertable:true,\n\tupdateable:false,\n\tupsertable:false,\n\trecreate:true,\n\tformat: 'table',\n\tskipDuplicateMapInputs: true,\n\tskipDuplicateMapOutputs: true,\n\terrorHandlingOption: 'stopOnFirstError') ~> DWIntegrationCity"
        }
    }
}