{
    "now": "2021-08-20T15:03:30.129Z",
    "perfNow": 2133382.800000012,
    "diagnosticCorrelation": "535e838c-7f49-410c-ad92-2dbc3b9039be",
    "source": "DownloadSupportFiles",
    "environment": {
        "productName": "adf",
        "buildVersion": "1.0.20210817.11",
        "environmentType": 3,
        "resourceName": "antraazure",
        "resourceRegion": "eastus",
        "resourceGroup": "antra_azure",
        "subscriptionId": "f7581c15-340a-405c-91be-1ac59461c70a",
        "sessionId": "X+s4x",
        "operationId": "G0iWU",
        "gitType": "live"
    },
    "additionalInfo": {
        "selectedResource": "ODSToDWIntegrationPay",
        "selectedResourceType": "pipeline"
    }
}