{
    "now": "2021-08-20T15:03:45.743Z",
    "perfNow": 2148996.800000012,
    "diagnosticCorrelation": "56460a07-61a6-4982-ac1c-0ae71a988d04",
    "source": "DownloadSupportFiles",
    "environment": {
        "productName": "adf",
        "buildVersion": "1.0.20210817.11",
        "environmentType": 3,
        "resourceName": "antraazure",
        "resourceRegion": "eastus",
        "resourceGroup": "antra_azure",
        "subscriptionId": "f7581c15-340a-405c-91be-1ac59461c70a",
        "sessionId": "X+s4x",
        "operationId": "G0iWU",
        "gitType": "live"
    },
    "additionalInfo": {
        "selectedResource": "ODSToDWIntegrationStockHold",
        "selectedResourceType": "pipeline"
    }
}