{
    "name": "ODSToDWIntegrationSale",
    "properties": {
        "folder": {
            "name": "ODSToDWIntegration"
        },
        "type": "MappingDataFlow",
        "typeProperties": {
            "sources": [
                {
                    "dataset": {
                        "referenceName": "ODSSalesInvo",
                        "type": "DatasetReference"
                    },
                    "name": "ODSSalesInvo"
                },
                {
                    "dataset": {
                        "referenceName": "ODSSalesInvoL",
                        "type": "DatasetReference"
                    },
                    "name": "ODSSalesInvoL"
                },
                {
                    "dataset": {
                        "referenceName": "ODSSalesCustom",
                        "type": "DatasetReference"
                    },
                    "name": "ODSSalesCustom"
                },
                {
                    "dataset": {
                        "referenceName": "ODSAppCity",
                        "type": "DatasetReference"
                    },
                    "name": "ODSAppCity"
                },
                {
                    "dataset": {
                        "referenceName": "ODSWarehouseStock",
                        "type": "DatasetReference"
                    },
                    "name": "ODSWarehouseStock"
                },
                {
                    "dataset": {
                        "referenceName": "ODSAppPeopl",
                        "type": "DatasetReference"
                    },
                    "name": "ODSAppPeopl"
                },
                {
                    "dataset": {
                        "referenceName": "ODSWarehousePack",
                        "type": "DatasetReference"
                    },
                    "name": "ODSWarehousePack"
                },
                {
                    "dataset": {
                        "referenceName": "ODSSalesCustomT",
                        "type": "DatasetReference"
                    },
                    "name": "ODSSalesCustomT"
                }
            ],
            "sinks": [
                {
                    "dataset": {
                        "referenceName": "DWIntegrationSales",
                        "type": "DatasetReference"
                    },
                    "name": "DWIntegrationSales"
                }
            ],
            "transformations": [
                {
                    "name": "JoinInvoInvoL"
                },
                {
                    "name": "SelectInvoInvoL"
                },
                {
                    "name": "Join1InvoCus"
                },
                {
                    "name": "JoinInvoCusCity"
                },
                {
                    "name": "SelectInvoCusCity"
                },
                {
                    "name": "JoinInCuCiBi"
                },
                {
                    "name": "SelectInCuCiBi"
                },
                {
                    "name": "JoinInCuCiBiSt"
                },
                {
                    "name": "SelectInCuCiBiSt"
                },
                {
                    "name": "JoinInCuCiBiStSa"
                },
                {
                    "name": "SelectInCuCiBiStSa"
                },
                {
                    "name": "JoinInCuCiBiStSaPa"
                },
                {
                    "name": "SelectInCuCiBiStSaPa"
                },
                {
                    "name": "AddIngestDatetime"
                },
                {
                    "name": "SelectResult"
                }
            ],
            "script": "source(output(\n\t\tInvoiceID as integer,\n\t\tCustomerID as integer,\n\t\tBillToCustomerID as integer,\n\t\tOrderID as integer,\n\t\tDeliveryMethodID as integer,\n\t\tContactPersonID as integer,\n\t\tAccountsPersonID as integer,\n\t\tSalespersonPersonID as integer,\n\t\tPackedByPersonID as integer,\n\t\tInvoiceDate as date,\n\t\tCustomerPurchaseOrderNumber as string,\n\t\tIsCreditNote as boolean,\n\t\tCreditNoteReason as string,\n\t\tComments as string,\n\t\tDeliveryInstructions as string,\n\t\tInternalComments as string,\n\t\tTotalDryItems as integer,\n\t\tTotalChillerItems as integer,\n\t\tDeliveryRun as string,\n\t\tRunPosition as string,\n\t\tReturnedDeliveryData as string,\n\t\tConfirmedDeliveryTime as timestamp,\n\t\tConfirmedReceivedBy as string,\n\t\tLastEditedBy as integer,\n\t\tLastEditedWhen as timestamp,\n\t\tSurrogateID as string,\n\t\tIngestDatetime as timestamp\n\t),\n\tallowSchemaDrift: true,\n\tvalidateSchema: false,\n\tisolationLevel: 'READ_UNCOMMITTED',\n\tformat: 'table') ~> ODSSalesInvo\nsource(output(\n\t\tInvoiceLineID as integer,\n\t\tInvoiceID as integer,\n\t\tStockItemID as integer,\n\t\tDescription as string,\n\t\tPackageTypeID as integer,\n\t\tQuantity as integer,\n\t\tUnitPrice as decimal(18,2),\n\t\tTaxRate as decimal(18,3),\n\t\tTaxAmount as decimal(18,2),\n\t\tLineProfit as decimal(18,2),\n\t\tExtendedPrice as decimal(18,2),\n\t\tLastEditedBy as integer,\n\t\tLastEditedWhen as timestamp,\n\t\tSurrogateID as string,\n\t\tIngestDatetime as timestamp\n\t),\n\tallowSchemaDrift: true,\n\tvalidateSchema: false,\n\tisolationLevel: 'READ_UNCOMMITTED',\n\tformat: 'table') ~> ODSSalesInvoL\nsource(output(\n\t\tCustomerID as integer,\n\t\tCustomerName as string,\n\t\tBillToCustomerID as integer,\n\t\tCustomerCategoryID as integer,\n\t\tBuyingGroupID as integer,\n\t\tPrimaryContactPersonID as integer,\n\t\tAlternateContactPersonID as integer,\n\t\tDeliveryMethodID as integer,\n\t\tDeliveryCityID as integer,\n\t\tPostalCityID as integer,\n\t\tCreditLimit as decimal(18,2),\n\t\tAccountOpenedDate as date,\n\t\tStandardDiscountPercentage as decimal(18,3),\n\t\tIsStatementSent as boolean,\n\t\tIsOnCreditHold as boolean,\n\t\tPaymentDays as integer,\n\t\tPhoneNumber as string,\n\t\tFaxNumber as string,\n\t\tDeliveryRun as string,\n\t\tRunPosition as string,\n\t\tWebsiteURL as string,\n\t\tDeliveryAddressLine1 as string,\n\t\tDeliveryAddressLine2 as string,\n\t\tDeliveryPostalCode as string,\n\t\tDeliveryLocation as binary,\n\t\tPostalAddressLine1 as string,\n\t\tPostalAddressLine2 as string,\n\t\tPostalPostalCode as string,\n\t\tLastEditedBy as integer,\n\t\tValidFrom as timestamp,\n\t\tValidTo as timestamp,\n\t\tSurrogateID as string,\n\t\tIngestDatetime as timestamp\n\t),\n\tallowSchemaDrift: true,\n\tvalidateSchema: false,\n\tisolationLevel: 'READ_UNCOMMITTED',\n\tformat: 'table') ~> ODSSalesCustom\nsource(output(\n\t\tCityID as integer,\n\t\tCityName as string,\n\t\tStateProvinceID as integer,\n\t\tLocation as binary,\n\t\tLatestRecordedPopulation as long,\n\t\tLastEditedBy as integer,\n\t\tValidFrom as timestamp,\n\t\tValidTo as timestamp,\n\t\tSurrogateID as string,\n\t\tIngestDatetime as timestamp\n\t),\n\tallowSchemaDrift: true,\n\tvalidateSchema: false,\n\tisolationLevel: 'READ_UNCOMMITTED',\n\tformat: 'table') ~> ODSAppCity\nsource(output(\n\t\tStockItemID as integer,\n\t\tStockItemName as string,\n\t\tSupplierID as integer,\n\t\tColorID as integer,\n\t\tUnitPackageID as integer,\n\t\tOuterPackageID as integer,\n\t\tBrand as string,\n\t\tSize as string,\n\t\tLeadTimeDays as integer,\n\t\tQuantityPerOuter as integer,\n\t\tIsChillerStock as boolean,\n\t\tBarcode as string,\n\t\tTaxRate as decimal(18,3),\n\t\tUnitPrice as decimal(18,2),\n\t\tRecommendedRetailPrice as decimal(18,2),\n\t\tTypicalWeightPerUnit as decimal(18,3),\n\t\tMarketingComments as string,\n\t\tInternalComments as string,\n\t\tPhoto as binary,\n\t\tCustomFields as string,\n\t\tTags as string,\n\t\tSearchDetails as string,\n\t\tLastEditedBy as integer,\n\t\tValidFrom as timestamp,\n\t\tValidTo as timestamp,\n\t\tSurrogateID as string,\n\t\tIngestDatetime as timestamp\n\t),\n\tallowSchemaDrift: true,\n\tvalidateSchema: false,\n\tisolationLevel: 'READ_UNCOMMITTED',\n\tformat: 'table') ~> ODSWarehouseStock\nsource(output(\n\t\tPersonID as integer,\n\t\tFullName as string,\n\t\tPreferredName as string,\n\t\tSearchName as string,\n\t\tIsPermittedToLogon as boolean,\n\t\tLogonName as string,\n\t\tIsExternalLogonProvider as boolean,\n\t\tHashedPassword as binary,\n\t\tIsSystemUser as boolean,\n\t\tIsEmployee as boolean,\n\t\tIsSalesperson as boolean,\n\t\tUserPreferences as string,\n\t\tPhoneNumber as string,\n\t\tFaxNumber as string,\n\t\tEmailAddress as string,\n\t\tPhoto as binary,\n\t\tCustomFields as string,\n\t\tOtherLanguages as string,\n\t\tLastEditedBy as integer,\n\t\tValidFrom as timestamp,\n\t\tValidTo as timestamp,\n\t\tSurrogateID as string,\n\t\tIngestDatetime as timestamp\n\t),\n\tallowSchemaDrift: true,\n\tvalidateSchema: false,\n\tisolationLevel: 'READ_UNCOMMITTED',\n\tformat: 'table') ~> ODSAppPeopl\nsource(output(\n\t\tPackageTypeID as integer,\n\t\tPackageTypeName as string,\n\t\tLastEditedBy as integer,\n\t\tValidFrom as timestamp,\n\t\tValidTo as timestamp,\n\t\tSurrogateID as string,\n\t\tIngestDatetime as timestamp\n\t),\n\tallowSchemaDrift: true,\n\tvalidateSchema: false,\n\tisolationLevel: 'READ_UNCOMMITTED',\n\tformat: 'table') ~> ODSWarehousePack\nsource(output(\n\t\tCustomerTransactionID as integer,\n\t\tCustomerID as integer,\n\t\tTransactionTypeID as integer,\n\t\tInvoiceID as integer,\n\t\tPaymentMethodID as integer,\n\t\tTransactionDate as date,\n\t\tAmountExcludingTax as decimal(18,2),\n\t\tTaxAmount as decimal(18,2),\n\t\tTransactionAmount as decimal(18,2),\n\t\tOutstandingBalance as decimal(18,2),\n\t\tFinalizationDate as date,\n\t\tIsFinalized as boolean,\n\t\tLastEditedBy as integer,\n\t\tLastEditedWhen as timestamp,\n\t\tSurrogateID as string,\n\t\tIngestDatetime as timestamp\n\t),\n\tallowSchemaDrift: true,\n\tvalidateSchema: false,\n\tisolationLevel: 'READ_UNCOMMITTED',\n\tformat: 'table') ~> ODSSalesCustomT\nODSSalesInvo, ODSSalesInvoL join(ODSSalesInvo@InvoiceID == ODSSalesInvoL@InvoiceID,\n\tjoinType:'inner',\n\tbroadcast: 'auto')~> JoinInvoInvoL\nJoinInvoInvoL select(mapColumn(\n\t\t{Sale Staging Key} = ODSSalesInvoL@SurrogateID,\n\t\t{Invoice Date Key } = InvoiceDate,\n\t\t{Delivery Date Key} = ConfirmedDeliveryTime,\n\t\t{WWI Invoice ID} = ODSSalesInvoL@InvoiceID,\n\t\tDescription,\n\t\tPackageTypeID,\n\t\tQuantity,\n\t\t{Unit Price} = UnitPrice,\n\t\t{Tax Rate} = TaxRate,\n\t\t{Tax Amount} = TaxAmount,\n\t\tProfit = LineProfit,\n\t\t{Total Dry Items} = TotalDryItems,\n\t\t{Total Chiller Items} = TotalChillerItems,\n\t\t{WWI Customer ID} = CustomerID,\n\t\t{WWI Bill To Customer ID} = BillToCustomerID,\n\t\t{WWI Stock Item ID} = StockItemID,\n\t\t{WWI Salesperson ID} = SalespersonPersonID,\n\t\t{Last Modified When} = ODSSalesInvo@LastEditedWhen\n\t),\n\tskipDuplicateMapInputs: true,\n\tskipDuplicateMapOutputs: true) ~> SelectInvoInvoL\nSelectInvoInvoL, ODSSalesCustom join({WWI Customer ID} == CustomerID,\n\tjoinType:'inner',\n\tbroadcast: 'auto')~> Join1InvoCus\nJoin1InvoCus, ODSAppCity join(DeliveryCityID == CityID,\n\tjoinType:'inner',\n\tbroadcast: 'auto')~> JoinInvoCusCity\nJoinInvoCusCity select(mapColumn(\n\t\t{Sale Staging Key},\n\t\t{City Key} = ODSAppCity@SurrogateID,\n\t\t{Customer Key} = ODSSalesCustom@SurrogateID,\n\t\t{Invoice Date Key },\n\t\t{Delivery Date Key},\n\t\t{WWI Invoice ID},\n\t\tDescription,\n\t\tPackageTypeID,\n\t\tQuantity,\n\t\t{Unit Price},\n\t\t{Tax Rate},\n\t\t{Tax Amount},\n\t\tProfit,\n\t\t{Total Dry Items},\n\t\t{Total Chiller Items},\n\t\t{WWI City ID} = CityID,\n\t\t{WWI Customer ID},\n\t\t{WWI Bill To Customer ID},\n\t\t{WWI Stock Item ID},\n\t\t{WWI Salesperson ID},\n\t\t{Last Modified When}\n\t),\n\tskipDuplicateMapInputs: true,\n\tskipDuplicateMapOutputs: true) ~> SelectInvoCusCity\nSelectInvoCusCity, ODSSalesCustom join({WWI Bill To Customer ID} == CustomerID,\n\tjoinType:'inner',\n\tbroadcast: 'auto')~> JoinInCuCiBi\nJoinInCuCiBi select(mapColumn(\n\t\t{Sale Staging Key},\n\t\t{City Key},\n\t\t{Customer Key},\n\t\t{Bill To Customer Key} = SurrogateID,\n\t\t{Invoice Date Key },\n\t\t{Delivery Date Key},\n\t\t{WWI Invoice ID},\n\t\tDescription,\n\t\tPackageTypeID,\n\t\tQuantity,\n\t\t{Unit Price},\n\t\t{Tax Rate},\n\t\t{Tax Amount},\n\t\tProfit,\n\t\t{Total Dry Items},\n\t\t{Total Chiller Items},\n\t\t{WWI City ID},\n\t\t{WWI Customer ID},\n\t\t{WWI Bill To Customer ID},\n\t\t{WWI Stock Item ID},\n\t\t{WWI Salesperson ID},\n\t\t{Last Modified When}\n\t),\n\tskipDuplicateMapInputs: true,\n\tskipDuplicateMapOutputs: true) ~> SelectInCuCiBi\nSelectInCuCiBi, ODSWarehouseStock join({WWI Stock Item ID} == StockItemID,\n\tjoinType:'inner',\n\tbroadcast: 'auto')~> JoinInCuCiBiSt\nJoinInCuCiBiSt select(mapColumn(\n\t\t{Sale Staging Key},\n\t\t{City Key},\n\t\t{Customer Key},\n\t\t{Bill To Customer Key},\n\t\t{Stock Item Key} = SurrogateID,\n\t\t{Invoice Date Key },\n\t\t{Delivery Date Key},\n\t\t{WWI Invoice ID},\n\t\tDescription,\n\t\tPackageTypeID,\n\t\tQuantity,\n\t\t{Unit Price},\n\t\t{Tax Rate},\n\t\t{Tax Amount},\n\t\tProfit,\n\t\t{Total Dry Items},\n\t\t{Total Chiller Items},\n\t\t{WWI City ID},\n\t\t{WWI Customer ID},\n\t\t{WWI Bill To Customer ID},\n\t\t{WWI Stock Item ID},\n\t\t{WWI Salesperson ID},\n\t\t{Last Modified When}\n\t),\n\tskipDuplicateMapInputs: true,\n\tskipDuplicateMapOutputs: true) ~> SelectInCuCiBiSt\nSelectInCuCiBiSt, ODSAppPeopl join({WWI Salesperson ID} == PersonID,\n\tjoinType:'inner',\n\tbroadcast: 'auto')~> JoinInCuCiBiStSa\nJoinInCuCiBiStSa select(mapColumn(\n\t\t{Sale Staging Key},\n\t\t{City Key},\n\t\t{Customer Key},\n\t\t{Bill To Customer Key},\n\t\t{Stock Item Key},\n\t\t{Invoice Date Key },\n\t\t{Delivery Date Key},\n\t\t{Salesperson Key} = SurrogateID,\n\t\t{WWI Invoice ID},\n\t\tDescription,\n\t\tPackageTypeID,\n\t\tQuantity,\n\t\t{Unit Price},\n\t\t{Tax Rate},\n\t\t{Tax Amount},\n\t\tProfit,\n\t\t{Total Dry Items},\n\t\t{Total Chiller Items},\n\t\t{WWI City ID},\n\t\t{WWI Customer ID},\n\t\t{WWI Bill To Customer ID},\n\t\t{WWI Stock Item ID},\n\t\t{WWI Salesperson ID},\n\t\t{Last Modified When}\n\t),\n\tskipDuplicateMapInputs: true,\n\tskipDuplicateMapOutputs: true) ~> SelectInCuCiBiStSa\nSelectInCuCiBiStSa, ODSWarehousePack join(SelectInCuCiBiStSa@PackageTypeID == ODSWarehousePack@PackageTypeID,\n\tjoinType:'inner',\n\tbroadcast: 'auto')~> JoinInCuCiBiStSaPa\nJoinInCuCiBiStSaPa select(mapColumn(\n\t\t{Sale Staging Key},\n\t\t{City Key},\n\t\t{Customer Key},\n\t\t{Bill To Customer Key},\n\t\t{Stock Item Key},\n\t\t{Invoice Date Key },\n\t\t{Delivery Date Key},\n\t\t{Salesperson Key},\n\t\t{WWI Invoice ID},\n\t\tDescription,\n\t\tPackage = PackageTypeName,\n\t\tQuantity,\n\t\t{Unit Price},\n\t\t{Tax Rate},\n\t\t{Tax Amount},\n\t\tProfit,\n\t\t{Total Dry Items},\n\t\t{Total Chiller Items},\n\t\t{WWI City ID},\n\t\t{WWI Customer ID},\n\t\t{WWI Bill To Customer ID},\n\t\t{WWI Stock Item ID},\n\t\t{WWI Salesperson ID},\n\t\t{Last Modified When}\n\t),\n\tskipDuplicateMapInputs: true,\n\tskipDuplicateMapOutputs: true) ~> SelectInCuCiBiStSaPa\nSelectInCuCiBiStSaPa derive({Ingest Datetime} = currentTimestamp(),\n\t\t{Total Excluding Tax} = Quantity * {Unit Price},\n\t\t{Total Including Tax} = Quantity * {Unit Price} + {Tax Amount}) ~> AddIngestDatetime\nAddIngestDatetime select(mapColumn(\n\t\t{Sale Surrogate Key} = {Sale Staging Key},\n\t\t{City Surrogate Key} = {City Key},\n\t\t{Customer Surrogate Key} = {Customer Key},\n\t\t{Bill To Customer Surrogate Key} = {Bill To Customer Key},\n\t\t{Stock Item Surrogate Key} = {Stock Item Key},\n\t\t{Invoice Date Key },\n\t\t{Delivery Date Key},\n\t\t{Salesperson Surrogate Key} = {Salesperson Key},\n\t\t{WWI Invoice ID},\n\t\tDescription,\n\t\tPackage,\n\t\tQuantity,\n\t\t{Unit Price},\n\t\t{Tax Rate},\n\t\t{Total Excluding Tax},\n\t\t{Tax Amount},\n\t\tProfit,\n\t\t{Total Including Tax},\n\t\t{Total Dry Items},\n\t\t{Total Chiller Items},\n\t\t{WWI City ID},\n\t\t{WWI Customer ID},\n\t\t{WWI Bill To Customer ID},\n\t\t{WWI Stock Item ID},\n\t\t{WWI Salesperson ID},\n\t\t{Last Modified When},\n\t\t{Ingest Datetime}\n\t),\n\tskipDuplicateMapInputs: true,\n\tskipDuplicateMapOutputs: true) ~> SelectResult\nSelectResult sink(allowSchemaDrift: true,\n\tvalidateSchema: false,\n\tinput(\n\t\t{Sale Staging Key} as long,\n\t\t{City Key} as integer,\n\t\t{Customer Key} as integer,\n\t\t{Bill To Customer Key} as integer,\n\t\t{Stock Item Key} as integer,\n\t\t{Invoice Date Key} as date,\n\t\t{Delivery Date Key} as date,\n\t\t{Salesperson Key} as integer,\n\t\t{WWI Invoice ID} as integer,\n\t\tDescription as string,\n\t\tPackage as string,\n\t\tQuantity as integer,\n\t\t{Unit Price} as decimal(18,2),\n\t\t{Tax Rate} as decimal(18,3),\n\t\t{Total Excluding Tax} as decimal(18,2),\n\t\t{Tax Amount} as decimal(18,2),\n\t\tProfit as decimal(18,2),\n\t\t{Total Including Tax} as decimal(18,2),\n\t\t{Total Dry Items} as integer,\n\t\t{Total Chiller Items} as integer,\n\t\t{WWI City ID} as integer,\n\t\t{WWI Customer ID} as integer,\n\t\t{WWI Bill To Customer ID} as integer,\n\t\t{WWI Stock Item ID} as integer,\n\t\t{WWI Salesperson ID} as integer,\n\t\t{Last Modified When} as timestamp\n\t),\n\tdeletable:false,\n\tinsertable:true,\n\tupdateable:false,\n\tupsertable:false,\n\trecreate:true,\n\tformat: 'table',\n\tskipDuplicateMapInputs: true,\n\tskipDuplicateMapOutputs: true,\n\terrorHandlingOption: 'stopOnFirstError') ~> DWIntegrationSales"
        }
    }
}