{
    "name": "ODSToDWIntegrationTran",
    "properties": {
        "folder": {
            "name": "ODSToDWIntegration"
        },
        "type": "MappingDataFlow",
        "typeProperties": {
            "sources": [
                {
                    "dataset": {
                        "referenceName": "ODSSalesCustTr",
                        "type": "DatasetReference"
                    },
                    "name": "ODSSalesCustTr"
                },
                {
                    "dataset": {
                        "referenceName": "ODSSalesCustom",
                        "type": "DatasetReference"
                    },
                    "name": "ODSSalesCust"
                },
                {
                    "dataset": {
                        "referenceName": "ODSAppTranT",
                        "type": "DatasetReference"
                    },
                    "name": "ODSAppTranT"
                },
                {
                    "dataset": {
                        "referenceName": "ODSAppPay",
                        "type": "DatasetReference"
                    },
                    "name": "ODSAppPay"
                },
                {
                    "dataset": {
                        "referenceName": "ODSPurchasingSuppT",
                        "type": "DatasetReference"
                    },
                    "name": "ODSPurchasingSuppT"
                },
                {
                    "dataset": {
                        "referenceName": "ODSPurchasingSupp",
                        "type": "DatasetReference"
                    },
                    "name": "ODSPurchasingSupp"
                }
            ],
            "sinks": [
                {
                    "dataset": {
                        "referenceName": "DWIntegrationTran",
                        "type": "DatasetReference"
                    },
                    "name": "DWIntegrationTran"
                }
            ],
            "transformations": [
                {
                    "name": "JoinCuTrCu"
                },
                {
                    "name": "SelectCuTrCu"
                },
                {
                    "name": "JoinCuTrCuBi"
                },
                {
                    "name": "SelectCuTrCuBi"
                },
                {
                    "name": "JoinCuBiTr"
                },
                {
                    "name": "SelectCuBiTr"
                },
                {
                    "name": "JoinCuBiTrPa"
                },
                {
                    "name": "SelectCuBiTrPa"
                },
                {
                    "name": "AddIngestDatetime1"
                },
                {
                    "name": "JoinSuppTrSupp"
                },
                {
                    "name": "SelectSuppTrSupp"
                },
                {
                    "name": "JoinSuTr"
                },
                {
                    "name": "SelectSuTr"
                },
                {
                    "name": "JoinSuTrPa"
                },
                {
                    "name": "SelectSuTrPa"
                },
                {
                    "name": "AddIngestDatetime2"
                },
                {
                    "name": "UnionResult"
                },
                {
                    "name": "SelectResult"
                }
            ],
            "script": "source(output(\n\t\tCustomerTransactionID as integer,\n\t\tCustomerID as integer,\n\t\tTransactionTypeID as integer,\n\t\tInvoiceID as integer,\n\t\tPaymentMethodID as integer,\n\t\tTransactionDate as date,\n\t\tAmountExcludingTax as decimal(18,2),\n\t\tTaxAmount as decimal(18,2),\n\t\tTransactionAmount as decimal(18,2),\n\t\tOutstandingBalance as decimal(18,2),\n\t\tFinalizationDate as date,\n\t\tIsFinalized as boolean,\n\t\tLastEditedBy as integer,\n\t\tLastEditedWhen as timestamp,\n\t\tSurrogateID as string,\n\t\tIngestDatetime as timestamp\n\t),\n\tallowSchemaDrift: true,\n\tvalidateSchema: false,\n\tisolationLevel: 'READ_UNCOMMITTED',\n\tformat: 'table') ~> ODSSalesCustTr\nsource(output(\n\t\tCustomerID as integer,\n\t\tCustomerName as string,\n\t\tBillToCustomerID as integer,\n\t\tCustomerCategoryID as integer,\n\t\tBuyingGroupID as integer,\n\t\tPrimaryContactPersonID as integer,\n\t\tAlternateContactPersonID as integer,\n\t\tDeliveryMethodID as integer,\n\t\tDeliveryCityID as integer,\n\t\tPostalCityID as integer,\n\t\tCreditLimit as decimal(18,2),\n\t\tAccountOpenedDate as date,\n\t\tStandardDiscountPercentage as decimal(18,3),\n\t\tIsStatementSent as boolean,\n\t\tIsOnCreditHold as boolean,\n\t\tPaymentDays as integer,\n\t\tPhoneNumber as string,\n\t\tFaxNumber as string,\n\t\tDeliveryRun as string,\n\t\tRunPosition as string,\n\t\tWebsiteURL as string,\n\t\tDeliveryAddressLine1 as string,\n\t\tDeliveryAddressLine2 as string,\n\t\tDeliveryPostalCode as string,\n\t\tDeliveryLocation as binary,\n\t\tPostalAddressLine1 as string,\n\t\tPostalAddressLine2 as string,\n\t\tPostalPostalCode as string,\n\t\tLastEditedBy as integer,\n\t\tValidFrom as timestamp,\n\t\tValidTo as timestamp,\n\t\tSurrogateID as string,\n\t\tIngestDatetime as timestamp\n\t),\n\tallowSchemaDrift: true,\n\tvalidateSchema: false,\n\tisolationLevel: 'READ_UNCOMMITTED',\n\tformat: 'table') ~> ODSSalesCust\nsource(output(\n\t\tTransactionTypeID as integer,\n\t\tTransactionTypeName as string,\n\t\tLastEditedBy as integer,\n\t\tValidFrom as timestamp,\n\t\tValidTo as timestamp,\n\t\tSurrogateID as string,\n\t\tIngestDatetime as timestamp\n\t),\n\tallowSchemaDrift: true,\n\tvalidateSchema: false,\n\tisolationLevel: 'READ_UNCOMMITTED',\n\tformat: 'table') ~> ODSAppTranT\nsource(output(\n\t\tPaymentMethodID as integer,\n\t\tPaymentMethodName as string,\n\t\tLastEditedBy as integer,\n\t\tValidFrom as timestamp,\n\t\tValidTo as timestamp,\n\t\tSurrogateID as string,\n\t\tIngestDatetime as timestamp\n\t),\n\tallowSchemaDrift: true,\n\tvalidateSchema: false,\n\tisolationLevel: 'READ_UNCOMMITTED',\n\tformat: 'table') ~> ODSAppPay\nsource(output(\n\t\tSupplierTransactionID as integer,\n\t\tSupplierID as integer,\n\t\tTransactionTypeID as integer,\n\t\tPurchaseOrderID as integer,\n\t\tPaymentMethodID as integer,\n\t\tSupplierInvoiceNumber as string,\n\t\tTransactionDate as date,\n\t\tAmountExcludingTax as decimal(18,2),\n\t\tTaxAmount as decimal(18,2),\n\t\tTransactionAmount as decimal(18,2),\n\t\tOutstandingBalance as decimal(18,2),\n\t\tFinalizationDate as date,\n\t\tIsFinalized as boolean,\n\t\tLastEditedBy as integer,\n\t\tLastEditedWhen as timestamp,\n\t\tSurrogateID as string,\n\t\tIngestDatetime as timestamp\n\t),\n\tallowSchemaDrift: true,\n\tvalidateSchema: false,\n\tisolationLevel: 'READ_UNCOMMITTED',\n\tformat: 'table') ~> ODSPurchasingSuppT\nsource(output(\n\t\tSupplierID as integer,\n\t\tSupplierName as string,\n\t\tSupplierCategoryID as integer,\n\t\tPrimaryContactPersonID as integer,\n\t\tAlternateContactPersonID as integer,\n\t\tDeliveryMethodID as integer,\n\t\tDeliveryCityID as integer,\n\t\tPostalCityID as integer,\n\t\tSupplierReference as string,\n\t\tBankAccountName as string,\n\t\tBankAccountBranch as string,\n\t\tBankAccountCode as string,\n\t\tBankAccountNumber as string,\n\t\tBankInternationalCode as string,\n\t\tPaymentDays as integer,\n\t\tInternalComments as string,\n\t\tPhoneNumber as string,\n\t\tFaxNumber as string,\n\t\tWebsiteURL as string,\n\t\tDeliveryAddressLine1 as string,\n\t\tDeliveryAddressLine2 as string,\n\t\tDeliveryPostalCode as string,\n\t\tDeliveryLocation as binary,\n\t\tPostalAddressLine1 as string,\n\t\tPostalAddressLine2 as string,\n\t\tPostalPostalCode as string,\n\t\tLastEditedBy as integer,\n\t\tValidFrom as timestamp,\n\t\tValidTo as timestamp,\n\t\tSurrogateID as string,\n\t\tIngestDatetime as timestamp\n\t),\n\tallowSchemaDrift: true,\n\tvalidateSchema: false,\n\tisolationLevel: 'READ_UNCOMMITTED',\n\tformat: 'table') ~> ODSPurchasingSupp\nODSSalesCustTr, ODSSalesCust join(ODSSalesCustTr@CustomerID == ODSSalesCust@CustomerID,\n\tjoinType:'inner',\n\tbroadcast: 'auto')~> JoinCuTrCu\nJoinCuTrCu select(mapColumn(\n\t\t{Transaction Surrogate Key} = ODSSalesCustTr@SurrogateID,\n\t\t{Date Key} = TransactionDate,\n\t\t{Customer Surrogate Key} = ODSSalesCust@SurrogateID,\n\t\t{WWI Customer Transaction ID} = CustomerTransactionID,\n\t\t{WWI Invoice ID} = InvoiceID,\n\t\t{Total Excluding Tax} = AmountExcludingTax,\n\t\t{Tax Amount} = TaxAmount,\n\t\t{Total Including Tax} = TransactionAmount,\n\t\t{Outstanding Balance} = OutstandingBalance,\n\t\t{Is Finalized} = IsFinalized,\n\t\t{WWI CustomerID} = ODSSalesCustTr@CustomerID,\n\t\t{WWI Bill To Customer ID} = BillToCustomerID,\n\t\t{WWI Transaction Type ID} = TransactionTypeID,\n\t\t{WWI Payment Method ID} = PaymentMethodID,\n\t\t{Last Modified When} = LastEditedWhen\n\t),\n\tskipDuplicateMapInputs: true,\n\tskipDuplicateMapOutputs: true) ~> SelectCuTrCu\nSelectCuTrCu, ODSSalesCust join({WWI Bill To Customer ID} == CustomerID,\n\tjoinType:'inner',\n\tbroadcast: 'auto')~> JoinCuTrCuBi\nJoinCuTrCuBi select(mapColumn(\n\t\t{Transaction Surrogate Key},\n\t\t{Customer Surrogate Key},\n\t\t{Bill To Customer Surrogate Key} = SurrogateID,\n\t\t{Date Key},\n\t\t{WWI Customer Transaction ID},\n\t\t{WWI Invoice ID},\n\t\t{Total Excluding Tax},\n\t\t{Tax Amount},\n\t\t{Total Including Tax},\n\t\t{Outstanding Balance},\n\t\t{Is Finalized},\n\t\t{WWI CustomerID},\n\t\t{WWI Bill To Customer ID},\n\t\t{WWI Transaction Type ID},\n\t\t{WWI Payment Method ID},\n\t\t{Last Modified When}\n\t),\n\tskipDuplicateMapInputs: true,\n\tskipDuplicateMapOutputs: true) ~> SelectCuTrCuBi\nSelectCuTrCuBi, ODSAppTranT join({WWI Transaction Type ID} == TransactionTypeID,\n\tjoinType:'inner',\n\tbroadcast: 'auto')~> JoinCuBiTr\nJoinCuBiTr select(mapColumn(\n\t\t{Transaction Surrogate Key},\n\t\t{Customer Surrogate Key},\n\t\t{Bill To Customer Surrogate Key},\n\t\t{Transaction Type Surrogate Key} = SurrogateID,\n\t\t{Date Key},\n\t\t{WWI Customer Transaction ID},\n\t\t{WWI Invoice ID},\n\t\t{Total Excluding Tax},\n\t\t{Tax Amount},\n\t\t{Total Including Tax},\n\t\t{Outstanding Balance},\n\t\t{Is Finalized},\n\t\t{WWI CustomerID},\n\t\t{WWI Bill To Customer ID},\n\t\t{WWI Transaction Type ID},\n\t\t{WWI Payment Method ID},\n\t\t{Last Modified When}\n\t),\n\tskipDuplicateMapInputs: true,\n\tskipDuplicateMapOutputs: true) ~> SelectCuBiTr\nSelectCuBiTr, ODSAppPay join({WWI Payment Method ID} == PaymentMethodID,\n\tjoinType:'left',\n\tbroadcast: 'auto')~> JoinCuBiTrPa\nJoinCuBiTrPa select(mapColumn(\n\t\t{Transaction Surrogate Key},\n\t\t{Date Key},\n\t\t{Customer Surrogate Key},\n\t\t{Bill To Customer Surrogate Key},\n\t\t{Transaction Type Surrogate Key},\n\t\t{Payment Method Surrogate Key} = SurrogateID,\n\t\t{WWI Customer Transaction ID},\n\t\t{WWI Invoice ID},\n\t\t{Total Excluding Tax},\n\t\t{Tax Amount},\n\t\t{Total Including Tax},\n\t\t{Outstanding Balance},\n\t\t{Is Finalized},\n\t\t{WWI CustomerID},\n\t\t{WWI Bill To Customer ID},\n\t\t{WWI Transaction Type ID},\n\t\t{WWI Payment Method ID},\n\t\t{Last Modified When}\n\t),\n\tskipDuplicateMapInputs: true,\n\tskipDuplicateMapOutputs: true) ~> SelectCuBiTrPa\nSelectCuBiTrPa derive({Ingest Datetime} = currentTimestamp()) ~> AddIngestDatetime1\nODSPurchasingSuppT, ODSPurchasingSupp join(ODSPurchasingSuppT@SupplierID == ODSPurchasingSupp@SupplierID,\n\tjoinType:'inner',\n\tbroadcast: 'auto')~> JoinSuppTrSupp\nJoinSuppTrSupp select(mapColumn(\n\t\t{Transaction Surrogate Key} = ODSPurchasingSuppT@SurrogateID,\n\t\t{Date Key} = TransactionDate,\n\t\t{Supplier Surrogate Key} = ODSPurchasingSupp@SurrogateID,\n\t\t{WWI Supplier Transaction ID} = SupplierTransactionID,\n\t\t{WWI Purchase Order ID} = PurchaseOrderID,\n\t\t{Supplier Invoice Number} = SupplierInvoiceNumber,\n\t\t{Total Excluding Tax} = AmountExcludingTax,\n\t\t{Tax Amount} = TaxAmount,\n\t\t{Total Including Tax} = TransactionAmount,\n\t\t{Outstanding Balance} = OutstandingBalance,\n\t\t{Is Finalized} = IsFinalized,\n\t\t{WWI Supplier ID} = ODSPurchasingSuppT@SupplierID,\n\t\t{WWI Transaction Type ID} = TransactionTypeID,\n\t\t{WWI Payment Method ID} = PaymentMethodID,\n\t\t{Last Modified When} = LastEditedWhen\n\t),\n\tskipDuplicateMapInputs: true,\n\tskipDuplicateMapOutputs: true) ~> SelectSuppTrSupp\nSelectSuppTrSupp, ODSAppTranT join({WWI Transaction Type ID} == TransactionTypeID,\n\tjoinType:'inner',\n\tbroadcast: 'auto')~> JoinSuTr\nJoinSuTr select(mapColumn(\n\t\t{Transaction Surrogate Key},\n\t\t{Date Key},\n\t\t{Supplier Surrogate Key},\n\t\t{Transaction Type Surrogate Key} = SurrogateID,\n\t\t{WWI Supplier Transaction ID},\n\t\t{WWI Purchase Order ID},\n\t\t{Supplier Invoice Number},\n\t\t{Total Excluding Tax},\n\t\t{Tax Amount},\n\t\t{Total Including Tax},\n\t\t{Outstanding Balance},\n\t\t{Is Finalized},\n\t\t{WWI Supplier ID},\n\t\t{WWI Transaction Type ID},\n\t\t{WWI Payment Method ID},\n\t\t{Last Modified When}\n\t),\n\tskipDuplicateMapInputs: true,\n\tskipDuplicateMapOutputs: true) ~> SelectSuTr\nSelectSuTr, ODSAppPay join({WWI Payment Method ID} == PaymentMethodID,\n\tjoinType:'inner',\n\tbroadcast: 'auto')~> JoinSuTrPa\nJoinSuTrPa select(mapColumn(\n\t\t{Transaction Surrogate Key},\n\t\t{Date Key},\n\t\t{Supplier Surrogate Key},\n\t\t{Transaction Type Surrogate Key},\n\t\t{Payment Method Surrogate Key} = SurrogateID,\n\t\t{WWI Supplier Transaction ID},\n\t\t{WWI Purchase Order ID},\n\t\t{Supplier Invoice Number},\n\t\t{Total Excluding Tax},\n\t\t{Tax Amount},\n\t\t{Total Including Tax},\n\t\t{Outstanding Balance},\n\t\t{Is Finalized},\n\t\t{WWI Supplier ID},\n\t\t{WWI Transaction Type ID},\n\t\t{WWI Payment Method ID},\n\t\t{Last Modified When}\n\t),\n\tskipDuplicateMapInputs: true,\n\tskipDuplicateMapOutputs: true) ~> SelectSuTrPa\nSelectSuTrPa derive({Ingest Datetime} = currentTimestamp()) ~> AddIngestDatetime2\nAddIngestDatetime1, AddIngestDatetime2 union(byName: true)~> UnionResult\nUnionResult select(mapColumn(\n\t\t{Transaction Surrogate Key},\n\t\t{Date Key},\n\t\t{Customer Surrogate Key},\n\t\t{Bill To Customer Surrogate Key},\n\t\t{Supplier Surrogate Key},\n\t\t{Transaction Type Surrogate Key},\n\t\t{Payment Method Surrogate Key},\n\t\t{WWI Customer Transaction ID},\n\t\t{WWI Supplier Transaction ID},\n\t\t{WWI Invoice ID},\n\t\t{WWI Purchase Order ID},\n\t\t{Supplier Invoice Number},\n\t\t{Total Excluding Tax},\n\t\t{Tax Amount},\n\t\t{Total Including Tax},\n\t\t{Outstanding Balance},\n\t\t{Is Finalized},\n\t\t{WWI CustomerID},\n\t\t{WWI Bill To Customer ID},\n\t\t{WWI Supplier ID},\n\t\t{WWI Transaction Type ID},\n\t\t{WWI Payment Method ID},\n\t\t{Last Modified When},\n\t\t{Ingest Datetime}\n\t),\n\tskipDuplicateMapInputs: true,\n\tskipDuplicateMapOutputs: true) ~> SelectResult\nSelectResult sink(allowSchemaDrift: true,\n\tvalidateSchema: false,\n\tinput(\n\t\t{Transaction Staging Key} as long,\n\t\t{Date Key} as date,\n\t\t{Customer Key} as integer,\n\t\t{Bill To Customer Key} as integer,\n\t\t{Supplier Key} as integer,\n\t\t{Transaction Type Key} as integer,\n\t\t{Payment Method Key} as integer,\n\t\t{WWI Customer Transaction ID} as integer,\n\t\t{WWI Supplier Transaction ID} as integer,\n\t\t{WWI Invoice ID} as integer,\n\t\t{WWI Purchase Order ID} as integer,\n\t\t{Supplier Invoice Number} as string,\n\t\t{Total Excluding Tax} as decimal(18,2),\n\t\t{Tax Amount} as decimal(18,2),\n\t\t{Total Including Tax} as decimal(18,2),\n\t\t{Outstanding Balance} as decimal(18,2),\n\t\t{Is Finalized} as boolean,\n\t\t{WWI Customer ID} as integer,\n\t\t{WWI Bill To Customer ID} as integer,\n\t\t{WWI Supplier ID} as integer,\n\t\t{WWI Transaction Type ID} as integer,\n\t\t{WWI Payment Method ID} as integer,\n\t\t{Last Modified When} as timestamp\n\t),\n\tdeletable:false,\n\tinsertable:true,\n\tupdateable:false,\n\tupsertable:false,\n\trecreate:true,\n\tformat: 'table',\n\tskipDuplicateMapInputs: true,\n\tskipDuplicateMapOutputs: true,\n\terrorHandlingOption: 'stopOnFirstError') ~> DWIntegrationTran"
        }
    }
}