{
    "name": "CopyAllTables",
    "properties": {
        "activities": [
            {
                "name": "OLTPTableName",
                "type": "Lookup",
                "dependsOn": [],
                "policy": {
                    "timeout": "7.00:00:00",
                    "retry": 0,
                    "retryIntervalInSeconds": 30,
                    "secureOutput": false,
                    "secureInput": false
                },
                "userProperties": [],
                "typeProperties": {
                    "source": {
                        "type": "AzureSqlSource",
                        "sqlReaderQuery": "SELECT *\nFROM INFORMATION_SCHEMA.TABLES\nWHERE TABLE_TYPE = 'BASE TABLE' AND TABLE_NAME NOT LIKE '%Archive'",
                        "queryTimeout": "02:00:00",
                        "partitionOption": "None"
                    },
                    "dataset": {
                        "referenceName": "OLTPDatabase",
                        "type": "DatasetReference"
                    },
                    "firstRowOnly": false
                }
            },
            {
                "name": "ForEachTable",
                "type": "ForEach",
                "dependsOn": [
                    {
                        "activity": "OLTPTableName",
                        "dependencyConditions": [
                            "Succeeded"
                        ]
                    }
                ],
                "userProperties": [],
                "typeProperties": {
                    "items": {
                        "value": "@activity('OLTPTableName').output.value",
                        "type": "Expression"
                    },
                    "activities": [
                        {
                            "name": "CopyTable",
                            "type": "ExecuteDataFlow",
                            "dependsOn": [
                                {
                                    "activity": "LookupLastRead",
                                    "dependencyConditions": [
                                        "Succeeded"
                                    ]
                                }
                            ],
                            "policy": {
                                "timeout": "1.00:00:00",
                                "retry": 0,
                                "retryIntervalInSeconds": 30,
                                "secureOutput": false,
                                "secureInput": false
                            },
                            "userProperties": [],
                            "typeProperties": {
                                "dataflow": {
                                    "referenceName": "AddMetadata",
                                    "type": "DataFlowReference",
                                    "parameters": {
                                        "LastReadTime": {
                                            "value": "'@{activity('LookupLastRead').output.value}'",
                                            "type": "Expression"
                                        }
                                    },
                                    "datasetParameters": {
                                        "OLTPTable": {
                                            "TableSchema": {
                                                "value": "@item().TABLE_SCHEMA",
                                                "type": "Expression"
                                            },
                                            "TableName": {
                                                "value": "@item().TABLE_NAME",
                                                "type": "Expression"
                                            }
                                        },
                                        "ODSTable": {
                                            "TableSchema": {
                                                "value": "@item().TABLE_SCHEMA",
                                                "type": "Expression"
                                            },
                                            "TableName": {
                                                "value": "@item().TABLE_NAME",
                                                "type": "Expression"
                                            }
                                        }
                                    }
                                },
                                "compute": {
                                    "coreCount": 8,
                                    "computeType": "General"
                                },
                                "traceLevel": "Fine"
                            }
                        },
                        {
                            "name": "LookupLastRead",
                            "type": "Lookup",
                            "dependsOn": [],
                            "policy": {
                                "timeout": "7.00:00:00",
                                "retry": 0,
                                "retryIntervalInSeconds": 30,
                                "secureOutput": false,
                                "secureInput": false
                            },
                            "userProperties": [],
                            "typeProperties": {
                                "source": {
                                    "type": "AzureSqlSource",
                                    "sqlReaderQuery": "SELECT MAX(ControlValue)\nFROM Control.ControlTable\nWHERE ControlKey = 'ReadDatetime'",
                                    "queryTimeout": "02:00:00",
                                    "partitionOption": "None"
                                },
                                "dataset": {
                                    "referenceName": "ControlTable",
                                    "type": "DatasetReference"
                                }
                            }
                        }
                    ]
                }
            }
        ],
        "folder": {
            "name": "CopyActivity"
        },
        "annotations": [],
        "lastPublishTime": "2021-08-17T20:37:32Z"
    },
    "type": "Microsoft.DataFactory/factories/pipelines"
}