{
    "now": "2021-08-20T15:03:49.074Z",
    "perfNow": 2152328.800000012,
    "diagnosticCorrelation": "d40841fb-45ac-4422-9c72-98c64140fb0e",
    "source": "DownloadSupportFiles",
    "environment": {
        "productName": "adf",
        "buildVersion": "1.0.20210817.11",
        "environmentType": 3,
        "resourceName": "antraazure",
        "resourceRegion": "eastus",
        "resourceGroup": "antra_azure",
        "subscriptionId": "f7581c15-340a-405c-91be-1ac59461c70a",
        "sessionId": "X+s4x",
        "operationId": "G0iWU",
        "gitType": "live"
    },
    "additionalInfo": {
        "selectedResource": "ODSToDWIntegrationSupp",
        "selectedResourceType": "pipeline"
    }
}