{
    "now": "2021-08-20T15:03:42.003Z",
    "perfNow": 2145256.5,
    "diagnosticCorrelation": "2aeb1e26-1d8b-4ef7-b9b6-3158e4e29e53",
    "source": "DownloadSupportFiles",
    "environment": {
        "productName": "adf",
        "buildVersion": "1.0.20210817.11",
        "environmentType": 3,
        "resourceName": "antraazure",
        "resourceRegion": "eastus",
        "resourceGroup": "antra_azure",
        "subscriptionId": "f7581c15-340a-405c-91be-1ac59461c70a",
        "sessionId": "X+s4x",
        "operationId": "G0iWU",
        "gitType": "live"
    },
    "additionalInfo": {
        "selectedResource": "ODSToDWIntegrationStock",
        "selectedResourceType": "pipeline"
    }
}