{
    "name": "DWIntegrationEmp",
    "properties": {
        "linkedServiceName": {
            "referenceName": "wwi_dw",
            "type": "LinkedServiceReference"
        },
        "folder": {
            "name": "DWIntegration"
        },
        "annotations": [],
        "type": "AzureSqlTable",
        "schema": [
            {
                "name": "Employee Staging Key",
                "type": "int",
                "precision": 10
            },
            {
                "name": "WWI Employee ID",
                "type": "int",
                "precision": 10
            },
            {
                "name": "Employee",
                "type": "nvarchar"
            },
            {
                "name": "Preferred Name",
                "type": "nvarchar"
            },
            {
                "name": "Is Salesperson",
                "type": "bit"
            },
            {
                "name": "Photo",
                "type": "varbinary"
            },
            {
                "name": "Valid From",
                "type": "datetime2",
                "scale": 7
            },
            {
                "name": "Valid To",
                "type": "datetime2",
                "scale": 7
            }
        ],
        "typeProperties": {
            "schema": "Integration",
            "table": "Employee_Staging"
        }
    },
    "type": "Microsoft.DataFactory/factories/datasets"
}