{
    "now": "2021-08-20T15:03:34.073Z",
    "perfNow": 2137326.599999994,
    "diagnosticCorrelation": "61459639-4a8d-487a-96cf-2c6701778c42",
    "source": "DownloadSupportFiles",
    "environment": {
        "productName": "adf",
        "buildVersion": "1.0.20210817.11",
        "environmentType": 3,
        "resourceName": "antraazure",
        "resourceRegion": "eastus",
        "resourceGroup": "antra_azure",
        "subscriptionId": "f7581c15-340a-405c-91be-1ac59461c70a",
        "sessionId": "X+s4x",
        "operationId": "G0iWU",
        "gitType": "live"
    },
    "additionalInfo": {
        "selectedResource": "ODSToDWIntegrationPurch",
        "selectedResourceType": "pipeline"
    }
}