{
    "name": "ODSSalesInvo",
    "properties": {
        "linkedServiceName": {
            "referenceName": "wwi_staging",
            "type": "LinkedServiceReference"
        },
        "folder": {
            "name": "ODS"
        },
        "annotations": [],
        "type": "AzureSqlTable",
        "schema": [
            {
                "name": "InvoiceID",
                "type": "int",
                "precision": 10
            },
            {
                "name": "CustomerID",
                "type": "int",
                "precision": 10
            },
            {
                "name": "BillToCustomerID",
                "type": "int",
                "precision": 10
            },
            {
                "name": "OrderID",
                "type": "int",
                "precision": 10
            },
            {
                "name": "DeliveryMethodID",
                "type": "int",
                "precision": 10
            },
            {
                "name": "ContactPersonID",
                "type": "int",
                "precision": 10
            },
            {
                "name": "AccountsPersonID",
                "type": "int",
                "precision": 10
            },
            {
                "name": "SalespersonPersonID",
                "type": "int",
                "precision": 10
            },
            {
                "name": "PackedByPersonID",
                "type": "int",
                "precision": 10
            },
            {
                "name": "InvoiceDate",
                "type": "date"
            },
            {
                "name": "CustomerPurchaseOrderNumber",
                "type": "nvarchar"
            },
            {
                "name": "IsCreditNote",
                "type": "bit"
            },
            {
                "name": "CreditNoteReason",
                "type": "nvarchar"
            },
            {
                "name": "Comments",
                "type": "nvarchar"
            },
            {
                "name": "DeliveryInstructions",
                "type": "nvarchar"
            },
            {
                "name": "InternalComments",
                "type": "nvarchar"
            },
            {
                "name": "TotalDryItems",
                "type": "int",
                "precision": 10
            },
            {
                "name": "TotalChillerItems",
                "type": "int",
                "precision": 10
            },
            {
                "name": "DeliveryRun",
                "type": "nvarchar"
            },
            {
                "name": "RunPosition",
                "type": "nvarchar"
            },
            {
                "name": "ReturnedDeliveryData",
                "type": "nvarchar"
            },
            {
                "name": "ConfirmedDeliveryTime",
                "type": "datetime2",
                "scale": 7
            },
            {
                "name": "ConfirmedReceivedBy",
                "type": "nvarchar"
            },
            {
                "name": "LastEditedBy",
                "type": "int",
                "precision": 10
            },
            {
                "name": "LastEditedWhen",
                "type": "datetime2",
                "scale": 7
            },
            {
                "name": "SurrogateID",
                "type": "nvarchar"
            },
            {
                "name": "IngestDatetime",
                "type": "datetime2",
                "scale": 7
            }
        ],
        "typeProperties": {
            "schema": "Sales",
            "table": "Invoices"
        }
    },
    "type": "Microsoft.DataFactory/factories/datasets"
}