{
    "name": "ODSToDWIntegrationStockHold",
    "properties": {
        "folder": {
            "name": "ODSToDWIntegration"
        },
        "type": "MappingDataFlow",
        "typeProperties": {
            "sources": [
                {
                    "dataset": {
                        "referenceName": "ODSWarehouseStockH",
                        "type": "DatasetReference"
                    },
                    "name": "ODSWarehouseStockH"
                },
                {
                    "dataset": {
                        "referenceName": "ODSWarehouseStock",
                        "type": "DatasetReference"
                    },
                    "name": "ODSWarehouseStock"
                }
            ],
            "sinks": [
                {
                    "dataset": {
                        "referenceName": "DWIntegrationStockH",
                        "type": "DatasetReference"
                    },
                    "name": "DWIntegrationStockHo"
                }
            ],
            "transformations": [
                {
                    "name": "SelectStockHCol"
                },
                {
                    "name": "JoinStockStockH"
                },
                {
                    "name": "AddIngestDatetime"
                }
            ],
            "script": "source(output(\n\t\tStockItemID as integer,\n\t\tQuantityOnHand as integer,\n\t\tBinLocation as string,\n\t\tLastStocktakeQuantity as integer,\n\t\tLastCostPrice as decimal(18,2),\n\t\tReorderLevel as integer,\n\t\tTargetStockLevel as integer,\n\t\tLastEditedBy as integer,\n\t\tLastEditedWhen as timestamp,\n\t\tSurrogateID as string,\n\t\tIngestDatetime as timestamp\n\t),\n\tallowSchemaDrift: true,\n\tvalidateSchema: false,\n\tisolationLevel: 'READ_UNCOMMITTED',\n\tformat: 'table') ~> ODSWarehouseStockH\nsource(output(\n\t\tStockItemID as integer,\n\t\tStockItemName as string,\n\t\tSupplierID as integer,\n\t\tColorID as integer,\n\t\tUnitPackageID as integer,\n\t\tOuterPackageID as integer,\n\t\tBrand as string,\n\t\tSize as string,\n\t\tLeadTimeDays as integer,\n\t\tQuantityPerOuter as integer,\n\t\tIsChillerStock as boolean,\n\t\tBarcode as string,\n\t\tTaxRate as decimal(18,3),\n\t\tUnitPrice as decimal(18,2),\n\t\tRecommendedRetailPrice as decimal(18,2),\n\t\tTypicalWeightPerUnit as decimal(18,3),\n\t\tMarketingComments as string,\n\t\tInternalComments as string,\n\t\tPhoto as binary,\n\t\tCustomFields as string,\n\t\tTags as string,\n\t\tSearchDetails as string,\n\t\tLastEditedBy as integer,\n\t\tValidFrom as timestamp,\n\t\tValidTo as timestamp,\n\t\tSurrogateID as string,\n\t\tIngestDatetime as timestamp\n\t),\n\tallowSchemaDrift: true,\n\tvalidateSchema: false,\n\tisolationLevel: 'READ_UNCOMMITTED',\n\tformat: 'table') ~> ODSWarehouseStock\nJoinStockStockH select(mapColumn(\n\t\t{Stock Holding Surrogate Key} = ODSWarehouseStockH@SurrogateID,\n\t\t{Stock Item Surrogate Key} = ODSWarehouseStock@SurrogateID,\n\t\t{Quantity On Hand} = QuantityOnHand,\n\t\t{Bin Location} = BinLocation,\n\t\t{Last Stocktake Quantity} = LastStocktakeQuantity,\n\t\t{Last Cost Price} = LastCostPrice,\n\t\t{Reorder Level} = ReorderLevel,\n\t\t{Target Stock Level} = TargetStockLevel,\n\t\t{WWI Stock Item ID} = ODSWarehouseStockH@StockItemID\n\t),\n\tskipDuplicateMapInputs: true,\n\tskipDuplicateMapOutputs: true) ~> SelectStockHCol\nODSWarehouseStockH, ODSWarehouseStock join(ODSWarehouseStockH@StockItemID == ODSWarehouseStock@StockItemID,\n\tjoinType:'inner',\n\tbroadcast: 'auto')~> JoinStockStockH\nSelectStockHCol derive({Ingest Datetime} = currentTimestamp()) ~> AddIngestDatetime\nAddIngestDatetime sink(allowSchemaDrift: true,\n\tvalidateSchema: false,\n\tinput(\n\t\t{Stock Holding Staging Key} as long,\n\t\t{Stock Item Key} as integer,\n\t\t{Quantity On Hand} as integer,\n\t\t{Bin Location} as string,\n\t\t{Last Stocktake Quantity} as integer,\n\t\t{Last Cost Price} as decimal(18,2),\n\t\t{Reorder Level} as integer,\n\t\t{Target Stock Level} as integer,\n\t\t{WWI Stock Item ID} as integer\n\t),\n\tdeletable:false,\n\tinsertable:true,\n\tupdateable:false,\n\tupsertable:false,\n\trecreate:true,\n\tformat: 'table',\n\tskipDuplicateMapInputs: true,\n\tskipDuplicateMapOutputs: true,\n\terrorHandlingOption: 'stopOnFirstError') ~> DWIntegrationStockHo"
        }
    }
}