{
    "now": "2021-08-20T15:03:38.083Z",
    "perfNow": 2141336.300000012,
    "diagnosticCorrelation": "4de0fe72-a197-46a0-a276-2e18d0361060",
    "source": "DownloadSupportFiles",
    "environment": {
        "productName": "adf",
        "buildVersion": "1.0.20210817.11",
        "environmentType": 3,
        "resourceName": "antraazure",
        "resourceRegion": "eastus",
        "resourceGroup": "antra_azure",
        "subscriptionId": "f7581c15-340a-405c-91be-1ac59461c70a",
        "sessionId": "X+s4x",
        "operationId": "G0iWU",
        "gitType": "live"
    },
    "additionalInfo": {
        "selectedResource": "ODSToDWIntegrationSale",
        "selectedResourceType": "pipeline"
    }
}