{
    "name": "ODSToDWIntegrationSupp",
    "properties": {
        "folder": {
            "name": "ODSToDWIntegration"
        },
        "type": "MappingDataFlow",
        "typeProperties": {
            "sources": [
                {
                    "dataset": {
                        "referenceName": "ODSPurchasingSupp",
                        "type": "DatasetReference"
                    },
                    "name": "ODSPurchasingSupp"
                },
                {
                    "dataset": {
                        "referenceName": "ODSPurchasingSuppC",
                        "type": "DatasetReference"
                    },
                    "name": "ODSPurchasingSuppC"
                },
                {
                    "dataset": {
                        "referenceName": "ODSAppPeopl",
                        "type": "DatasetReference"
                    },
                    "name": "ODSAppPeopl"
                }
            ],
            "sinks": [
                {
                    "dataset": {
                        "referenceName": "DWIntegrationSupp",
                        "type": "DatasetReference"
                    },
                    "name": "DWIntegrationSupp"
                }
            ],
            "transformations": [
                {
                    "name": "JoinSuppSuppC"
                },
                {
                    "name": "SelectPeopleCol"
                },
                {
                    "name": "JoinSuppCPeopl"
                },
                {
                    "name": "SelectSuppCPeopl"
                },
                {
                    "name": "AddIngestDatetime"
                }
            ],
            "script": "source(output(\n\t\tSupplierID as integer,\n\t\tSupplierName as string,\n\t\tSupplierCategoryID as integer,\n\t\tPrimaryContactPersonID as integer,\n\t\tAlternateContactPersonID as integer,\n\t\tDeliveryMethodID as integer,\n\t\tDeliveryCityID as integer,\n\t\tPostalCityID as integer,\n\t\tSupplierReference as string,\n\t\tBankAccountName as string,\n\t\tBankAccountBranch as string,\n\t\tBankAccountCode as string,\n\t\tBankAccountNumber as string,\n\t\tBankInternationalCode as string,\n\t\tPaymentDays as integer,\n\t\tInternalComments as string,\n\t\tPhoneNumber as string,\n\t\tFaxNumber as string,\n\t\tWebsiteURL as string,\n\t\tDeliveryAddressLine1 as string,\n\t\tDeliveryAddressLine2 as string,\n\t\tDeliveryPostalCode as string,\n\t\tDeliveryLocation as binary,\n\t\tPostalAddressLine1 as string,\n\t\tPostalAddressLine2 as string,\n\t\tPostalPostalCode as string,\n\t\tLastEditedBy as integer,\n\t\tValidFrom as timestamp,\n\t\tValidTo as timestamp,\n\t\tSurrogateID as string,\n\t\tIngestDatetime as timestamp\n\t),\n\tallowSchemaDrift: true,\n\tvalidateSchema: false,\n\tisolationLevel: 'READ_UNCOMMITTED',\n\tformat: 'table') ~> ODSPurchasingSupp\nsource(output(\n\t\tSupplierCategoryID as integer,\n\t\tSupplierCategoryName as string,\n\t\tLastEditedBy as integer,\n\t\tValidFrom as timestamp,\n\t\tValidTo as timestamp,\n\t\tSurrogateID as string,\n\t\tIngestDatetime as timestamp\n\t),\n\tallowSchemaDrift: true,\n\tvalidateSchema: false,\n\tisolationLevel: 'READ_UNCOMMITTED',\n\tformat: 'table') ~> ODSPurchasingSuppC\nsource(output(\n\t\tPersonID as integer,\n\t\tFullName as string,\n\t\tPreferredName as string,\n\t\tSearchName as string,\n\t\tIsPermittedToLogon as boolean,\n\t\tLogonName as string,\n\t\tIsExternalLogonProvider as boolean,\n\t\tHashedPassword as binary,\n\t\tIsSystemUser as boolean,\n\t\tIsEmployee as boolean,\n\t\tIsSalesperson as boolean,\n\t\tUserPreferences as string,\n\t\tPhoneNumber as string,\n\t\tFaxNumber as string,\n\t\tEmailAddress as string,\n\t\tPhoto as binary,\n\t\tCustomFields as string,\n\t\tOtherLanguages as string,\n\t\tLastEditedBy as integer,\n\t\tValidFrom as timestamp,\n\t\tValidTo as timestamp,\n\t\tSurrogateID as string,\n\t\tIngestDatetime as timestamp\n\t),\n\tallowSchemaDrift: true,\n\tvalidateSchema: false,\n\tisolationLevel: 'READ_UNCOMMITTED',\n\tformat: 'table') ~> ODSAppPeopl\nODSPurchasingSupp, ODSPurchasingSuppC join(ODSPurchasingSupp@SupplierCategoryID == ODSPurchasingSuppC@SupplierCategoryID,\n\tjoinType:'inner',\n\tbroadcast: 'auto')~> JoinSuppSuppC\nODSAppPeopl select(mapColumn(\n\t\tPersonID,\n\t\tFullName\n\t),\n\tskipDuplicateMapInputs: true,\n\tskipDuplicateMapOutputs: true) ~> SelectPeopleCol\nJoinSuppSuppC, SelectPeopleCol join(PrimaryContactPersonID == PersonID,\n\tjoinType:'inner',\n\tbroadcast: 'auto')~> JoinSuppCPeopl\nJoinSuppCPeopl select(mapColumn(\n\t\t{Supplier Surrogate Key} = ODSPurchasingSupp@SurrogateID,\n\t\t{WWI Supplier ID} = SupplierID,\n\t\tSupplier = SupplierName,\n\t\tCategory = SupplierCategoryName,\n\t\t{Primary Contact} = FullName,\n\t\t{Supplier Reference} = SupplierReference,\n\t\t{Payment Days} = PaymentDays,\n\t\tPostalCode = PostalPostalCode,\n\t\t{Valid From} = ODSPurchasingSupp@ValidFrom,\n\t\t{Valid To} = ODSPurchasingSupp@ValidTo\n\t),\n\tskipDuplicateMapInputs: true,\n\tskipDuplicateMapOutputs: true) ~> SelectSuppCPeopl\nSelectSuppCPeopl derive({Ingest Datetime} = currentTimestamp()) ~> AddIngestDatetime\nAddIngestDatetime sink(allowSchemaDrift: true,\n\tvalidateSchema: false,\n\tinput(\n\t\t{Supplier Staging Key} as integer,\n\t\t{WWI Supplier ID} as integer,\n\t\tSupplier as string,\n\t\tCategory as string,\n\t\t{Primary Contact} as string,\n\t\t{Supplier Reference} as string,\n\t\t{Payment Days} as integer,\n\t\t{Postal Code} as string,\n\t\t{Valid From} as timestamp,\n\t\t{Valid To} as timestamp\n\t),\n\tdeletable:false,\n\tinsertable:true,\n\tupdateable:false,\n\tupsertable:false,\n\trecreate:true,\n\tformat: 'table',\n\tskipDuplicateMapInputs: true,\n\tskipDuplicateMapOutputs: true,\n\terrorHandlingOption: 'stopOnFirstError') ~> DWIntegrationSupp"
        }
    }
}