{
    "name": "ODSSalesOrderL",
    "properties": {
        "linkedServiceName": {
            "referenceName": "wwi_staging",
            "type": "LinkedServiceReference"
        },
        "folder": {
            "name": "ODS"
        },
        "annotations": [],
        "type": "AzureSqlTable",
        "schema": [
            {
                "name": "OrderLineID",
                "type": "int",
                "precision": 10
            },
            {
                "name": "OrderID",
                "type": "int",
                "precision": 10
            },
            {
                "name": "StockItemID",
                "type": "int",
                "precision": 10
            },
            {
                "name": "Description",
                "type": "nvarchar"
            },
            {
                "name": "PackageTypeID",
                "type": "int",
                "precision": 10
            },
            {
                "name": "Quantity",
                "type": "int",
                "precision": 10
            },
            {
                "name": "UnitPrice",
                "type": "decimal",
                "precision": 18,
                "scale": 2
            },
            {
                "name": "TaxRate",
                "type": "decimal",
                "precision": 18,
                "scale": 3
            },
            {
                "name": "PickedQuantity",
                "type": "int",
                "precision": 10
            },
            {
                "name": "PickingCompletedWhen",
                "type": "datetime2",
                "scale": 7
            },
            {
                "name": "LastEditedBy",
                "type": "int",
                "precision": 10
            },
            {
                "name": "LastEditedWhen",
                "type": "datetime2",
                "scale": 7
            },
            {
                "name": "SurrogateID",
                "type": "nvarchar"
            },
            {
                "name": "IngestDatetime",
                "type": "datetime2",
                "scale": 7
            }
        ],
        "typeProperties": {
            "schema": "Sales",
            "table": "OrderLines"
        }
    },
    "type": "Microsoft.DataFactory/factories/datasets"
}