{
    "now": "2021-08-20T15:03:09.121Z",
    "perfNow": 2112374.599999994,
    "diagnosticCorrelation": "dd4505e2-4aa2-4b73-9fe0-c72990fe0e51",
    "source": "DownloadSupportFiles",
    "environment": {
        "productName": "adf",
        "buildVersion": "1.0.20210817.11",
        "environmentType": 3,
        "resourceName": "antraazure",
        "resourceRegion": "eastus",
        "resourceGroup": "antra_azure",
        "subscriptionId": "f7581c15-340a-405c-91be-1ac59461c70a",
        "sessionId": "X+s4x",
        "operationId": "G0iWU",
        "gitType": "live"
    },
    "additionalInfo": {
        "selectedResource": "ODSToDWIntegrationCustom",
        "selectedResourceType": "pipeline"
    }
}