{
    "name": "ODSAppCount",
    "properties": {
        "linkedServiceName": {
            "referenceName": "wwi_staging",
            "type": "LinkedServiceReference"
        },
        "folder": {
            "name": "ODS"
        },
        "annotations": [],
        "type": "AzureSqlTable",
        "schema": [
            {
                "name": "CountryID",
                "type": "int",
                "precision": 10
            },
            {
                "name": "CountryName",
                "type": "nvarchar"
            },
            {
                "name": "FormalName",
                "type": "nvarchar"
            },
            {
                "name": "IsoAlpha3Code",
                "type": "nvarchar"
            },
            {
                "name": "IsoNumericCode",
                "type": "int",
                "precision": 10
            },
            {
                "name": "CountryType",
                "type": "nvarchar"
            },
            {
                "name": "LatestRecordedPopulation",
                "type": "bigint",
                "precision": 19
            },
            {
                "name": "Continent",
                "type": "nvarchar"
            },
            {
                "name": "Region",
                "type": "nvarchar"
            },
            {
                "name": "Subregion",
                "type": "nvarchar"
            },
            {
                "name": "Border",
                "type": "varbinary"
            },
            {
                "name": "LastEditedBy",
                "type": "int",
                "precision": 10
            },
            {
                "name": "ValidFrom",
                "type": "datetime2",
                "scale": 7
            },
            {
                "name": "ValidTo",
                "type": "datetime2",
                "scale": 7
            },
            {
                "name": "SurrogateID",
                "type": "nvarchar"
            },
            {
                "name": "IngestDatetime",
                "type": "datetime2",
                "scale": 7
            }
        ],
        "typeProperties": {
            "schema": "Application",
            "table": "Countries"
        }
    },
    "type": "Microsoft.DataFactory/factories/datasets"
}