{
    "now": "2021-08-20T16:38:53.305Z",
    "perfNow": 7859506.300000012,
    "diagnosticCorrelation": "817d0363-c981-460d-ba26-30c15a7554f8",
    "source": "DownloadSupportFiles",
    "environment": {
        "productName": "adf",
        "buildVersion": "1.0.20210817.11",
        "environmentType": 3,
        "resourceName": "antraazure",
        "resourceRegion": "eastus",
        "resourceGroup": "antra_azure",
        "subscriptionId": "f7581c15-340a-405c-91be-1ac59461c70a",
        "sessionId": "s/r2a",
        "operationId": "G0iWU",
        "gitType": "live"
    },
    "additionalInfo": {
        "selectedResource": "IntegrationToFactStockH",
        "selectedResourceType": "pipeline",
        "dataFlowSessionId": "9b03cbac-3b29-4d90-9a08-4cf13d3b5819"
    }
}