{
    "now": "2021-08-20T15:03:55.532Z",
    "perfNow": 2158786.199999988,
    "diagnosticCorrelation": "ecf5bb18-8ee1-4fd9-991e-4e2b81f1e1c3",
    "source": "DownloadSupportFiles",
    "environment": {
        "productName": "adf",
        "buildVersion": "1.0.20210817.11",
        "environmentType": 3,
        "resourceName": "antraazure",
        "resourceRegion": "eastus",
        "resourceGroup": "antra_azure",
        "subscriptionId": "f7581c15-340a-405c-91be-1ac59461c70a",
        "sessionId": "X+s4x",
        "operationId": "G0iWU",
        "gitType": "live"
    },
    "additionalInfo": {
        "selectedResource": "ODSToDWIntegrationTranType",
        "selectedResourceType": "pipeline"
    }
}