{
    "name": "ODSToDWIntegrationCustom",
    "properties": {
        "folder": {
            "name": "ODSToDWIntegration"
        },
        "type": "MappingDataFlow",
        "typeProperties": {
            "sources": [
                {
                    "dataset": {
                        "referenceName": "ODSSalesCustom",
                        "type": "DatasetReference"
                    },
                    "name": "ODSSalesCustom"
                },
                {
                    "dataset": {
                        "referenceName": "ODSSalesCustomC",
                        "type": "DatasetReference"
                    },
                    "name": "ODSSalesCustomC"
                },
                {
                    "dataset": {
                        "referenceName": "ODSSalesBuyG",
                        "type": "DatasetReference"
                    },
                    "name": "ODSSalesBuyG"
                },
                {
                    "dataset": {
                        "referenceName": "ODSAppPeopl",
                        "type": "DatasetReference"
                    },
                    "name": "ODSAppPeopl"
                }
            ],
            "sinks": [
                {
                    "dataset": {
                        "referenceName": "DWIntegrationCustom",
                        "type": "DatasetReference"
                    },
                    "name": "DSIntegrationCustom"
                }
            ],
            "transformations": [
                {
                    "name": "SelectCustomCol"
                },
                {
                    "name": "SelfJoinCustom"
                },
                {
                    "name": "SelectSelfJoinCustom"
                },
                {
                    "name": "SelectPeople"
                },
                {
                    "name": "JoinCuCa"
                },
                {
                    "name": "JoinCuCaGr"
                },
                {
                    "name": "JoinCuCaGrPe"
                },
                {
                    "name": "SelectCuCaGrPe"
                },
                {
                    "name": "AddIngestDatetime"
                }
            ],
            "script": "source(output(\n\t\tCustomerID as integer,\n\t\tCustomerName as string,\n\t\tBillToCustomerID as integer,\n\t\tCustomerCategoryID as integer,\n\t\tBuyingGroupID as integer,\n\t\tPrimaryContactPersonID as integer,\n\t\tAlternateContactPersonID as integer,\n\t\tDeliveryMethodID as integer,\n\t\tDeliveryCityID as integer,\n\t\tPostalCityID as integer,\n\t\tCreditLimit as decimal(18,2),\n\t\tAccountOpenedDate as date,\n\t\tStandardDiscountPercentage as decimal(18,3),\n\t\tIsStatementSent as boolean,\n\t\tIsOnCreditHold as boolean,\n\t\tPaymentDays as integer,\n\t\tPhoneNumber as string,\n\t\tFaxNumber as string,\n\t\tDeliveryRun as string,\n\t\tRunPosition as string,\n\t\tWebsiteURL as string,\n\t\tDeliveryAddressLine1 as string,\n\t\tDeliveryAddressLine2 as string,\n\t\tDeliveryPostalCode as string,\n\t\tDeliveryLocation as binary,\n\t\tPostalAddressLine1 as string,\n\t\tPostalAddressLine2 as string,\n\t\tPostalPostalCode as string,\n\t\tLastEditedBy as integer,\n\t\tValidFrom as timestamp,\n\t\tValidTo as timestamp,\n\t\tSurrogateID as string,\n\t\tIngestDatetime as timestamp\n\t),\n\tallowSchemaDrift: true,\n\tvalidateSchema: false,\n\tisolationLevel: 'READ_UNCOMMITTED',\n\tformat: 'table') ~> ODSSalesCustom\nsource(output(\n\t\tCustomerCategoryID as integer,\n\t\tCustomerCategoryName as string,\n\t\tLastEditedBy as integer,\n\t\tValidFrom as timestamp,\n\t\tValidTo as timestamp,\n\t\tSurrogateID as string,\n\t\tIngestDatetime as timestamp\n\t),\n\tallowSchemaDrift: true,\n\tvalidateSchema: false,\n\tisolationLevel: 'READ_UNCOMMITTED',\n\tformat: 'table') ~> ODSSalesCustomC\nsource(output(\n\t\tBuyingGroupID as integer,\n\t\tBuyingGroupName as string,\n\t\tLastEditedBy as integer,\n\t\tValidFrom as timestamp,\n\t\tValidTo as timestamp,\n\t\tSurrogateID as string,\n\t\tIngestDatetime as timestamp\n\t),\n\tallowSchemaDrift: true,\n\tvalidateSchema: false,\n\tisolationLevel: 'READ_UNCOMMITTED',\n\tformat: 'table') ~> ODSSalesBuyG\nsource(output(\n\t\tPersonID as integer,\n\t\tFullName as string,\n\t\tPreferredName as string,\n\t\tSearchName as string,\n\t\tIsPermittedToLogon as boolean,\n\t\tLogonName as string,\n\t\tIsExternalLogonProvider as boolean,\n\t\tHashedPassword as binary,\n\t\tIsSystemUser as boolean,\n\t\tIsEmployee as boolean,\n\t\tIsSalesperson as boolean,\n\t\tUserPreferences as string,\n\t\tPhoneNumber as string,\n\t\tFaxNumber as string,\n\t\tEmailAddress as string,\n\t\tPhoto as binary,\n\t\tCustomFields as string,\n\t\tOtherLanguages as string,\n\t\tLastEditedBy as integer,\n\t\tValidFrom as timestamp,\n\t\tValidTo as timestamp,\n\t\tSurrogateID as string,\n\t\tIngestDatetime as timestamp\n\t),\n\tallowSchemaDrift: true,\n\tvalidateSchema: false,\n\tisolationLevel: 'READ_UNCOMMITTED',\n\tformat: 'table') ~> ODSAppPeopl\nODSSalesCustom select(mapColumn(\n\t\t{Customer Surrogate Key} = SurrogateID,\n\t\t{WWI Customer ID} = CustomerID,\n\t\tCustomer = CustomerName,\n\t\tBillToCustomerID,\n\t\tCustomerCategoryID,\n\t\tBuyingGroupID,\n\t\tPrimaryContactPersonID,\n\t\t{Postal Code} = PostalPostalCode,\n\t\t{Valid From} = ValidFrom,\n\t\t{Valid To} = ValidTo\n\t),\n\tskipDuplicateMapInputs: true,\n\tskipDuplicateMapOutputs: true) ~> SelectCustomCol\nSelectCustomCol, ODSSalesCustom join(SelectCustomCol@BillToCustomerID == CustomerID,\n\tjoinType:'inner',\n\tbroadcast: 'auto')~> SelfJoinCustom\nSelfJoinCustom select(mapColumn(\n\t\t{Customer Surrogate Key},\n\t\t{WWI Customer ID},\n\t\tCustomer,\n\t\t{Bill To Customer} = CustomerName,\n\t\tCustomerCategoryID = SelectCustomCol@CustomerCategoryID,\n\t\tBuyingGroupID = SelectCustomCol@BuyingGroupID,\n\t\tPrimaryContactPersonID = SelectCustomCol@PrimaryContactPersonID,\n\t\t{Postal Code},\n\t\t{Valid From},\n\t\t{Valid To}\n\t),\n\tskipDuplicateMapInputs: true,\n\tskipDuplicateMapOutputs: true) ~> SelectSelfJoinCustom\nODSAppPeopl select(mapColumn(\n\t\tPersonID,\n\t\tFullName\n\t),\n\tskipDuplicateMapInputs: true,\n\tskipDuplicateMapOutputs: true) ~> SelectPeople\nSelectSelfJoinCustom, ODSSalesCustomC join(SelectSelfJoinCustom@CustomerCategoryID == ODSSalesCustomC@CustomerCategoryID,\n\tjoinType:'inner',\n\tbroadcast: 'auto')~> JoinCuCa\nJoinCuCa, ODSSalesBuyG join(SelectSelfJoinCustom@BuyingGroupID == ODSSalesBuyG@BuyingGroupID,\n\tjoinType:'left',\n\tbroadcast: 'auto')~> JoinCuCaGr\nJoinCuCaGr, SelectPeople join(PrimaryContactPersonID == PersonID,\n\tjoinType:'inner',\n\tbroadcast: 'auto')~> JoinCuCaGrPe\nJoinCuCaGrPe select(mapColumn(\n\t\t{Customer Surrogate Key},\n\t\t{WWI Customer ID},\n\t\tCustomer,\n\t\t{Bill To Customer},\n\t\tCategory = CustomerCategoryName,\n\t\t{Buying Group} = BuyingGroupName,\n\t\t{Primary Contact} = FullName,\n\t\t{Postal Code},\n\t\t{Valid From},\n\t\t{Valid To}\n\t),\n\tskipDuplicateMapInputs: true,\n\tskipDuplicateMapOutputs: true) ~> SelectCuCaGrPe\nSelectCuCaGrPe derive({Ingest Datetime} = currentTimestamp()) ~> AddIngestDatetime\nAddIngestDatetime sink(allowSchemaDrift: true,\n\tvalidateSchema: false,\n\tinput(\n\t\t{Customer Staging Key} as integer,\n\t\t{WWI Customer ID} as integer,\n\t\tCustomer as string,\n\t\t{Bill To Customer} as string,\n\t\tCategory as string,\n\t\t{Buying Group} as string,\n\t\t{Primary Contact} as string,\n\t\t{Postal Code} as string,\n\t\t{Valid From} as timestamp,\n\t\t{Valid To} as timestamp\n\t),\n\tdeletable:false,\n\tinsertable:true,\n\tupdateable:false,\n\tupsertable:false,\n\trecreate:true,\n\tformat: 'table',\n\tskipDuplicateMapInputs: true,\n\tskipDuplicateMapOutputs: true,\n\terrorHandlingOption: 'stopOnFirstError') ~> DSIntegrationCustom"
        }
    }
}