{
    "name": "ODSToDWIntegrationMove",
    "properties": {
        "folder": {
            "name": "ODSToDWIntegration"
        },
        "type": "MappingDataFlow",
        "typeProperties": {
            "sources": [
                {
                    "dataset": {
                        "referenceName": "ODSWarehouseStockT",
                        "type": "DatasetReference"
                    },
                    "name": "ODSWarehouseStockT"
                },
                {
                    "dataset": {
                        "referenceName": "ODSWarehouseStock",
                        "type": "DatasetReference"
                    },
                    "name": "ODSWarehouseStock"
                },
                {
                    "dataset": {
                        "referenceName": "ODSSalesCustom",
                        "type": "DatasetReference"
                    },
                    "name": "ODSWareshouseCust"
                },
                {
                    "dataset": {
                        "referenceName": "ODSAppTranT",
                        "type": "DatasetReference"
                    },
                    "name": "ODSAppTranT"
                },
                {
                    "dataset": {
                        "referenceName": "ODSPurchasingSupp",
                        "type": "DatasetReference"
                    },
                    "name": "ODSPurchasingSupp"
                }
            ],
            "sinks": [
                {
                    "dataset": {
                        "referenceName": "DWIntegrationMove",
                        "type": "DatasetReference"
                    },
                    "name": "DWIntegrationMove"
                }
            ],
            "transformations": [
                {
                    "name": "JoinStockTStock"
                },
                {
                    "name": "SelectStockTStock"
                },
                {
                    "name": "JoinStCu"
                },
                {
                    "name": "SelectStCu"
                },
                {
                    "name": "JoinStCuTrT"
                },
                {
                    "name": "JoinStCuTrTSu"
                },
                {
                    "name": "SelectStCuTrTSu"
                },
                {
                    "name": "AddIngestDatetime"
                }
            ],
            "script": "source(output(\n\t\tStockItemTransactionID as integer,\n\t\tStockItemID as integer,\n\t\tTransactionTypeID as integer,\n\t\tCustomerID as integer,\n\t\tInvoiceID as integer,\n\t\tSupplierID as integer,\n\t\tPurchaseOrderID as integer,\n\t\tTransactionOccurredWhen as timestamp,\n\t\tQuantity as decimal(18,3),\n\t\tLastEditedBy as integer,\n\t\tLastEditedWhen as timestamp,\n\t\tSurrogateID as string,\n\t\tIngestDatetime as timestamp\n\t),\n\tallowSchemaDrift: true,\n\tvalidateSchema: false,\n\tisolationLevel: 'READ_UNCOMMITTED',\n\tformat: 'table') ~> ODSWarehouseStockT\nsource(output(\n\t\tStockItemID as integer,\n\t\tStockItemName as string,\n\t\tSupplierID as integer,\n\t\tColorID as integer,\n\t\tUnitPackageID as integer,\n\t\tOuterPackageID as integer,\n\t\tBrand as string,\n\t\tSize as string,\n\t\tLeadTimeDays as integer,\n\t\tQuantityPerOuter as integer,\n\t\tIsChillerStock as boolean,\n\t\tBarcode as string,\n\t\tTaxRate as decimal(18,3),\n\t\tUnitPrice as decimal(18,2),\n\t\tRecommendedRetailPrice as decimal(18,2),\n\t\tTypicalWeightPerUnit as decimal(18,3),\n\t\tMarketingComments as string,\n\t\tInternalComments as string,\n\t\tPhoto as binary,\n\t\tCustomFields as string,\n\t\tTags as string,\n\t\tSearchDetails as string,\n\t\tLastEditedBy as integer,\n\t\tValidFrom as timestamp,\n\t\tValidTo as timestamp,\n\t\tSurrogateID as string,\n\t\tIngestDatetime as timestamp\n\t),\n\tallowSchemaDrift: true,\n\tvalidateSchema: false,\n\tisolationLevel: 'READ_UNCOMMITTED',\n\tformat: 'table') ~> ODSWarehouseStock\nsource(output(\n\t\tCustomerID as integer,\n\t\tCustomerName as string,\n\t\tBillToCustomerID as integer,\n\t\tCustomerCategoryID as integer,\n\t\tBuyingGroupID as integer,\n\t\tPrimaryContactPersonID as integer,\n\t\tAlternateContactPersonID as integer,\n\t\tDeliveryMethodID as integer,\n\t\tDeliveryCityID as integer,\n\t\tPostalCityID as integer,\n\t\tCreditLimit as decimal(18,2),\n\t\tAccountOpenedDate as date,\n\t\tStandardDiscountPercentage as decimal(18,3),\n\t\tIsStatementSent as boolean,\n\t\tIsOnCreditHold as boolean,\n\t\tPaymentDays as integer,\n\t\tPhoneNumber as string,\n\t\tFaxNumber as string,\n\t\tDeliveryRun as string,\n\t\tRunPosition as string,\n\t\tWebsiteURL as string,\n\t\tDeliveryAddressLine1 as string,\n\t\tDeliveryAddressLine2 as string,\n\t\tDeliveryPostalCode as string,\n\t\tDeliveryLocation as binary,\n\t\tPostalAddressLine1 as string,\n\t\tPostalAddressLine2 as string,\n\t\tPostalPostalCode as string,\n\t\tLastEditedBy as integer,\n\t\tValidFrom as timestamp,\n\t\tValidTo as timestamp,\n\t\tSurrogateID as string,\n\t\tIngestDatetime as timestamp\n\t),\n\tallowSchemaDrift: true,\n\tvalidateSchema: false,\n\tisolationLevel: 'READ_UNCOMMITTED',\n\tformat: 'table') ~> ODSWareshouseCust\nsource(output(\n\t\tTransactionTypeID as integer,\n\t\tTransactionTypeName as string,\n\t\tLastEditedBy as integer,\n\t\tValidFrom as timestamp,\n\t\tValidTo as timestamp,\n\t\tSurrogateID as string,\n\t\tIngestDatetime as timestamp\n\t),\n\tallowSchemaDrift: true,\n\tvalidateSchema: false,\n\tisolationLevel: 'READ_UNCOMMITTED',\n\tformat: 'table') ~> ODSAppTranT\nsource(output(\n\t\tSupplierID as integer,\n\t\tSupplierName as string,\n\t\tSupplierCategoryID as integer,\n\t\tPrimaryContactPersonID as integer,\n\t\tAlternateContactPersonID as integer,\n\t\tDeliveryMethodID as integer,\n\t\tDeliveryCityID as integer,\n\t\tPostalCityID as integer,\n\t\tSupplierReference as string,\n\t\tBankAccountName as string,\n\t\tBankAccountBranch as string,\n\t\tBankAccountCode as string,\n\t\tBankAccountNumber as string,\n\t\tBankInternationalCode as string,\n\t\tPaymentDays as integer,\n\t\tInternalComments as string,\n\t\tPhoneNumber as string,\n\t\tFaxNumber as string,\n\t\tWebsiteURL as string,\n\t\tDeliveryAddressLine1 as string,\n\t\tDeliveryAddressLine2 as string,\n\t\tDeliveryPostalCode as string,\n\t\tDeliveryLocation as binary,\n\t\tPostalAddressLine1 as string,\n\t\tPostalAddressLine2 as string,\n\t\tPostalPostalCode as string,\n\t\tLastEditedBy as integer,\n\t\tValidFrom as timestamp,\n\t\tValidTo as timestamp,\n\t\tSurrogateID as string,\n\t\tIngestDatetime as timestamp\n\t),\n\tallowSchemaDrift: true,\n\tvalidateSchema: false,\n\tisolationLevel: 'READ_UNCOMMITTED',\n\tformat: 'table') ~> ODSPurchasingSupp\nODSWarehouseStockT, ODSWarehouseStock join(ODSWarehouseStockT@StockItemID == ODSWarehouseStock@StockItemID,\n\tjoinType:'inner',\n\tbroadcast: 'auto')~> JoinStockTStock\nJoinStockTStock select(mapColumn(\n\t\t{Movement Surrogate Key} = ODSWarehouseStockT@SurrogateID,\n\t\t{Date Key} = TransactionOccurredWhen,\n\t\t{Stock Item Surrogate Key} = ODSWarehouseStock@SurrogateID,\n\t\t{WWI Stock Item Transaction ID} = StockItemTransactionID,\n\t\t{WWI Invoice ID} = InvoiceID,\n\t\t{WWI Purchase Order ID} = PurchaseOrderID,\n\t\tQuantity,\n\t\t{WWI Stock Item ID} = ODSWarehouseStockT@StockItemID,\n\t\t{WWI Customer ID} = CustomerID,\n\t\t{WWI Supplier ID} = ODSWarehouseStockT@SupplierID,\n\t\t{WWI Transaction Type ID} = TransactionTypeID,\n\t\t{Last Modified When} = LastEditedWhen\n\t),\n\tskipDuplicateMapInputs: true,\n\tskipDuplicateMapOutputs: true) ~> SelectStockTStock\nSelectStockTStock, ODSWareshouseCust join({WWI Customer ID} == CustomerID,\n\tjoinType:'left',\n\tbroadcast: 'auto')~> JoinStCu\nJoinStCu select(mapColumn(\n\t\t{Movement Surrogate Key},\n\t\t{Date Key},\n\t\t{Stock Item Surrogate Key},\n\t\t{Customer Surrogate Key} = SurrogateID,\n\t\t{WWI Stock Item Transaction ID},\n\t\t{WWI Invoice ID},\n\t\t{WWI Purchase Order ID},\n\t\tQuantity,\n\t\t{WWI Stock Item ID},\n\t\t{WWI Customer ID},\n\t\t{WWI Supplier ID},\n\t\t{WWI Transaction Type ID},\n\t\t{Last Modified When}\n\t),\n\tskipDuplicateMapInputs: true,\n\tskipDuplicateMapOutputs: true) ~> SelectStCu\nSelectStCu, ODSAppTranT join({WWI Transaction Type ID} == TransactionTypeID,\n\tjoinType:'inner',\n\tbroadcast: 'auto')~> JoinStCuTrT\nJoinStCuTrT, ODSPurchasingSupp join({WWI Supplier ID} == SupplierID,\n\tjoinType:'left',\n\tbroadcast: 'auto')~> JoinStCuTrTSu\nJoinStCuTrTSu select(mapColumn(\n\t\t{Movement Surrogate Key},\n\t\t{Date Key},\n\t\t{Stock Item Surrogate Key},\n\t\t{Customer Surrogate Key},\n\t\t{Supplier Surrogate Key} = ODSPurchasingSupp@SurrogateID,\n\t\t{Transaction Type Surrogate Key} = ODSAppTranT@SurrogateID,\n\t\t{WWI Stock Item Transaction ID},\n\t\t{WWI Invoice ID},\n\t\t{WWI Purchase Order ID},\n\t\tQuantity,\n\t\t{WWI Stock Item ID},\n\t\t{WWI Customer ID},\n\t\t{WWI Supplier ID},\n\t\t{WWI Transaction Type ID},\n\t\t{Last Modified When}\n\t),\n\tskipDuplicateMapInputs: true,\n\tskipDuplicateMapOutputs: true) ~> SelectStCuTrTSu\nSelectStCuTrTSu derive({Ingest Datetime} = currentTimestamp()) ~> AddIngestDatetime\nAddIngestDatetime sink(allowSchemaDrift: true,\n\tvalidateSchema: false,\n\tinput(\n\t\t{Movement Staging Key} as long,\n\t\t{Date Key} as date,\n\t\t{Stock Item Key} as integer,\n\t\t{Customer Key} as integer,\n\t\t{Supplier Key} as integer,\n\t\t{Transaction Type Key} as integer,\n\t\t{WWI Stock Item Transaction ID} as integer,\n\t\t{WWI Invoice ID} as integer,\n\t\t{WWI Purchase Order ID} as integer,\n\t\tQuantity as integer,\n\t\t{WWI Stock Item ID} as integer,\n\t\t{WWI Customer ID} as integer,\n\t\t{WWI Supplier ID} as integer,\n\t\t{WWI Transaction Type ID} as integer,\n\t\t{Last Modifed When} as timestamp\n\t),\n\tdeletable:false,\n\tinsertable:true,\n\tupdateable:false,\n\tupsertable:false,\n\trecreate:true,\n\tformat: 'table',\n\tskipDuplicateMapInputs: true,\n\tskipDuplicateMapOutputs: true,\n\terrorHandlingOption: 'stopOnFirstError') ~> DWIntegrationMove"
        }
    }
}