{
    "name": "ODSToDWIntegrationPurch",
    "properties": {
        "folder": {
            "name": "ODSToDWIntegration"
        },
        "type": "MappingDataFlow",
        "typeProperties": {
            "sources": [
                {
                    "dataset": {
                        "referenceName": "ODSPurchasingOrderL",
                        "type": "DatasetReference"
                    },
                    "name": "ODSPurchasingOrderL"
                },
                {
                    "dataset": {
                        "referenceName": "ODSPurchasingOrder",
                        "type": "DatasetReference"
                    },
                    "name": "ODSPurchasingOrder"
                },
                {
                    "dataset": {
                        "referenceName": "ODSPurchasingSupp",
                        "type": "DatasetReference"
                    },
                    "name": "ODSPurchasingSupp"
                },
                {
                    "dataset": {
                        "referenceName": "ODSWarehouseStock",
                        "type": "DatasetReference"
                    },
                    "name": "ODSWarehouseStock"
                },
                {
                    "dataset": {
                        "referenceName": "ODSWarehousePack",
                        "type": "DatasetReference"
                    },
                    "name": "ODSWarehousePackT"
                }
            ],
            "sinks": [
                {
                    "dataset": {
                        "referenceName": "DWIntegrationPurch",
                        "type": "DatasetReference"
                    },
                    "name": "DWIntegrationPurch"
                }
            ],
            "transformations": [
                {
                    "name": "JoinOrderOrderL"
                },
                {
                    "name": "SelectOrderOrderL"
                },
                {
                    "name": "JoinOrderLSupp"
                },
                {
                    "name": "SelectOrderLSupp"
                },
                {
                    "name": "JoinOrderLSuppStock"
                },
                {
                    "name": "SelectOrderLSuppStock"
                },
                {
                    "name": "JoinOrderLSuppStockPack"
                },
                {
                    "name": "SelectOrderLSuppStockPack"
                },
                {
                    "name": "AddIngestDatetime"
                },
                {
                    "name": "SelectResult"
                }
            ],
            "script": "source(output(\n\t\tPurchaseOrderLineID as integer,\n\t\tPurchaseOrderID as integer,\n\t\tStockItemID as integer,\n\t\tOrderedOuters as integer,\n\t\tDescription as string,\n\t\tReceivedOuters as integer,\n\t\tPackageTypeID as integer,\n\t\tExpectedUnitPricePerOuter as decimal(18,2),\n\t\tLastReceiptDate as date,\n\t\tIsOrderLineFinalized as boolean,\n\t\tLastEditedBy as integer,\n\t\tLastEditedWhen as timestamp,\n\t\tSurrogateID as string,\n\t\tIngestDatetime as timestamp\n\t),\n\tallowSchemaDrift: true,\n\tvalidateSchema: false,\n\tisolationLevel: 'READ_UNCOMMITTED',\n\tformat: 'table') ~> ODSPurchasingOrderL\nsource(output(\n\t\tPurchaseOrderID as integer,\n\t\tSupplierID as integer,\n\t\tOrderDate as date,\n\t\tDeliveryMethodID as integer,\n\t\tContactPersonID as integer,\n\t\tExpectedDeliveryDate as date,\n\t\tSupplierReference as string,\n\t\tIsOrderFinalized as boolean,\n\t\tComments as string,\n\t\tInternalComments as string,\n\t\tLastEditedBy as integer,\n\t\tLastEditedWhen as timestamp,\n\t\tSurrogateID as string,\n\t\tIngestDatetime as timestamp\n\t),\n\tallowSchemaDrift: true,\n\tvalidateSchema: false,\n\tisolationLevel: 'READ_UNCOMMITTED',\n\tformat: 'table') ~> ODSPurchasingOrder\nsource(output(\n\t\tSupplierID as integer,\n\t\tSupplierName as string,\n\t\tSupplierCategoryID as integer,\n\t\tPrimaryContactPersonID as integer,\n\t\tAlternateContactPersonID as integer,\n\t\tDeliveryMethodID as integer,\n\t\tDeliveryCityID as integer,\n\t\tPostalCityID as integer,\n\t\tSupplierReference as string,\n\t\tBankAccountName as string,\n\t\tBankAccountBranch as string,\n\t\tBankAccountCode as string,\n\t\tBankAccountNumber as string,\n\t\tBankInternationalCode as string,\n\t\tPaymentDays as integer,\n\t\tInternalComments as string,\n\t\tPhoneNumber as string,\n\t\tFaxNumber as string,\n\t\tWebsiteURL as string,\n\t\tDeliveryAddressLine1 as string,\n\t\tDeliveryAddressLine2 as string,\n\t\tDeliveryPostalCode as string,\n\t\tDeliveryLocation as binary,\n\t\tPostalAddressLine1 as string,\n\t\tPostalAddressLine2 as string,\n\t\tPostalPostalCode as string,\n\t\tLastEditedBy as integer,\n\t\tValidFrom as timestamp,\n\t\tValidTo as timestamp,\n\t\tSurrogateID as string,\n\t\tIngestDatetime as timestamp\n\t),\n\tallowSchemaDrift: true,\n\tvalidateSchema: false,\n\tisolationLevel: 'READ_UNCOMMITTED',\n\tformat: 'table') ~> ODSPurchasingSupp\nsource(output(\n\t\tStockItemID as integer,\n\t\tStockItemName as string,\n\t\tSupplierID as integer,\n\t\tColorID as integer,\n\t\tUnitPackageID as integer,\n\t\tOuterPackageID as integer,\n\t\tBrand as string,\n\t\tSize as string,\n\t\tLeadTimeDays as integer,\n\t\tQuantityPerOuter as integer,\n\t\tIsChillerStock as boolean,\n\t\tBarcode as string,\n\t\tTaxRate as decimal(18,3),\n\t\tUnitPrice as decimal(18,2),\n\t\tRecommendedRetailPrice as decimal(18,2),\n\t\tTypicalWeightPerUnit as decimal(18,3),\n\t\tMarketingComments as string,\n\t\tInternalComments as string,\n\t\tPhoto as binary,\n\t\tCustomFields as string,\n\t\tTags as string,\n\t\tSearchDetails as string,\n\t\tLastEditedBy as integer,\n\t\tValidFrom as timestamp,\n\t\tValidTo as timestamp,\n\t\tSurrogateID as string,\n\t\tIngestDatetime as timestamp\n\t),\n\tallowSchemaDrift: true,\n\tvalidateSchema: false,\n\tisolationLevel: 'READ_UNCOMMITTED',\n\tformat: 'table') ~> ODSWarehouseStock\nsource(output(\n\t\tPackageTypeID as integer,\n\t\tPackageTypeName as string,\n\t\tLastEditedBy as integer,\n\t\tValidFrom as timestamp,\n\t\tValidTo as timestamp,\n\t\tSurrogateID as string,\n\t\tIngestDatetime as timestamp\n\t),\n\tallowSchemaDrift: true,\n\tvalidateSchema: false,\n\tisolationLevel: 'READ_UNCOMMITTED',\n\tformat: 'table') ~> ODSWarehousePackT\nODSPurchasingOrderL, ODSPurchasingOrder join(ODSPurchasingOrderL@PurchaseOrderID == ODSPurchasingOrder@PurchaseOrderID,\n\tjoinType:'inner',\n\tbroadcast: 'auto')~> JoinOrderOrderL\nJoinOrderOrderL select(mapColumn(\n\t\t{Purchase Surrogate Key} = ODSPurchasingOrderL@SurrogateID,\n\t\tDate = OrderDate,\n\t\t{WWI Purchase Order ID} = ODSPurchasingOrderL@PurchaseOrderID,\n\t\t{Ordered Outers} = OrderedOuters,\n\t\t{Received Outers} = ReceivedOuters,\n\t\tPackageTypeID,\n\t\t{Is Order Finalized} = IsOrderFinalized,\n\t\t{WWI Supplier ID} = SupplierID,\n\t\t{WWI Stock Item ID} = StockItemID,\n\t\t{Last Edited When} = ODSPurchasingOrderL@LastEditedWhen\n\t),\n\tskipDuplicateMapInputs: true,\n\tskipDuplicateMapOutputs: true) ~> SelectOrderOrderL\nSelectOrderOrderL, ODSPurchasingSupp join({WWI Supplier ID} == SupplierID,\n\tjoinType:'inner',\n\tbroadcast: 'auto')~> JoinOrderLSupp\nJoinOrderLSupp select(mapColumn(\n\t\t{Purchase Surrogate Key},\n\t\t{Date Key} = Date,\n\t\t{Supplier Surrogate Key } = SurrogateID,\n\t\t{WWI Purchase Order ID},\n\t\t{Ordered Outers},\n\t\t{Received Outers},\n\t\tPackageTypeID,\n\t\t{Is Order Finalized},\n\t\t{WWI Supplier ID},\n\t\t{WWI Stock Item ID},\n\t\t{Last Edited When}\n\t),\n\tskipDuplicateMapInputs: true,\n\tskipDuplicateMapOutputs: true) ~> SelectOrderLSupp\nSelectOrderLSupp, ODSWarehouseStock join({WWI Stock Item ID} == StockItemID,\n\tjoinType:'inner',\n\tbroadcast: 'auto')~> JoinOrderLSuppStock\nJoinOrderLSuppStock select(mapColumn(\n\t\t{Purchase Surrogate Key},\n\t\t{Date Key},\n\t\t{Supplier Surrogate Key },\n\t\t{Stock Item Surrogate Key} = SurrogateID,\n\t\t{WWI Purchase Order ID},\n\t\t{Ordered Outers},\n\t\t{Received Outers},\n\t\tPackageTypeID,\n\t\t{Is Order Finalized},\n\t\t{WWI Supplier ID},\n\t\t{WWI Stock Item ID},\n\t\t{Last Edited When}\n\t),\n\tskipDuplicateMapInputs: true,\n\tskipDuplicateMapOutputs: true) ~> SelectOrderLSuppStock\nSelectOrderLSuppStock, ODSWarehousePackT join(SelectOrderLSuppStock@PackageTypeID == ODSWarehousePackT@PackageTypeID,\n\tjoinType:'inner',\n\tbroadcast: 'auto')~> JoinOrderLSuppStockPack\nJoinOrderLSuppStockPack select(mapColumn(\n\t\t{Purchase Surrogate Key},\n\t\t{Date Key},\n\t\t{Supplier Surrogate Key },\n\t\t{Stock Item Surrogate Key},\n\t\t{WWI Purchase Order ID},\n\t\t{Ordered Outers},\n\t\t{Received Outers},\n\t\tPackage = PackageTypeName,\n\t\t{Is Order Finalized},\n\t\t{WWI Supplier ID},\n\t\t{WWI Stock Item ID},\n\t\t{Last Edited When}\n\t),\n\tskipDuplicateMapInputs: true,\n\tskipDuplicateMapOutputs: true) ~> SelectOrderLSuppStockPack\nSelectOrderLSuppStockPack derive({Ingest Datetime} = currentTimestamp(),\n\t\t{Ordered Quantity} = {Ordered Outers}) ~> AddIngestDatetime\nAddIngestDatetime select(mapColumn(\n\t\t{Purchase Surrogate Key},\n\t\t{Date Key},\n\t\t{Supplier Surrogate Key },\n\t\t{Stock Item Surrogate Key},\n\t\t{WWI Purchase Order ID},\n\t\t{Ordered Outers},\n\t\t{Ordered Quantity},\n\t\t{Received Outers},\n\t\tPackage,\n\t\t{Is Order Finalized},\n\t\t{WWI Supplier ID},\n\t\t{WWI Stock Item ID},\n\t\t{Last Edited When},\n\t\t{Ingest Datetime}\n\t),\n\tskipDuplicateMapInputs: true,\n\tskipDuplicateMapOutputs: true) ~> SelectResult\nSelectResult sink(allowSchemaDrift: true,\n\tvalidateSchema: false,\n\tinput(\n\t\t{Purchase Staging Key} as long,\n\t\t{Date Key} as date,\n\t\t{Supplier Key} as integer,\n\t\t{Stock Item Key} as integer,\n\t\t{WWI Purchase Order ID} as integer,\n\t\t{Ordered Outers} as integer,\n\t\t{Ordered Quantity} as integer,\n\t\t{Received Outers} as integer,\n\t\tPackage as string,\n\t\t{Is Order Finalized} as boolean,\n\t\t{WWI Supplier ID} as integer,\n\t\t{WWI Stock Item ID} as integer,\n\t\t{Last Modified When} as timestamp\n\t),\n\tdeletable:false,\n\tinsertable:true,\n\tupdateable:false,\n\tupsertable:false,\n\trecreate:true,\n\tformat: 'table',\n\tskipDuplicateMapInputs: true,\n\tskipDuplicateMapOutputs: true,\n\terrorHandlingOption: 'stopOnFirstError') ~> DWIntegrationPurch"
        }
    }
}