{
    "now": "2021-08-20T15:02:58.298Z",
    "perfNow": 2101551.5,
    "diagnosticCorrelation": "b9ff34ee-0631-41aa-b1bc-a08b42713d18",
    "source": "DownloadSupportFiles",
    "environment": {
        "productName": "adf",
        "buildVersion": "1.0.20210817.11",
        "environmentType": 3,
        "resourceName": "antraazure",
        "resourceRegion": "eastus",
        "resourceGroup": "antra_azure",
        "subscriptionId": "f7581c15-340a-405c-91be-1ac59461c70a",
        "sessionId": "X+s4x",
        "operationId": "G0iWU",
        "gitType": "live"
    },
    "additionalInfo": {
        "selectedResource": "ODSToDWIntegrationCity",
        "selectedResourceType": "pipeline"
    }
}