{
    "now": "2021-08-20T15:01:55.851Z",
    "perfNow": 2039101.199999988,
    "diagnosticCorrelation": "5d6ddc06-b2bb-4545-88d9-fa7f77edbfe8",
    "source": "DownloadSupportFiles",
    "environment": {
        "productName": "adf",
        "buildVersion": "1.0.20210817.11",
        "environmentType": 3,
        "resourceName": "antraazure",
        "resourceRegion": "eastus",
        "resourceGroup": "antra_azure",
        "subscriptionId": "f7581c15-340a-405c-91be-1ac59461c70a",
        "sessionId": "X+s4x",
        "operationId": "G0iWU",
        "gitType": "live"
    },
    "additionalInfo": {
        "selectedResource": "CopyAllTables",
        "selectedResourceType": "pipeline"
    }
}