{
    "name": "DWIntegrationMove",
    "properties": {
        "linkedServiceName": {
            "referenceName": "wwi_dw",
            "type": "LinkedServiceReference"
        },
        "folder": {
            "name": "DWIntegration"
        },
        "annotations": [],
        "type": "AzureSqlTable",
        "schema": [
            {
                "name": "Movement Staging Key",
                "type": "bigint",
                "precision": 19
            },
            {
                "name": "Date Key",
                "type": "date"
            },
            {
                "name": "Stock Item Key",
                "type": "int",
                "precision": 10
            },
            {
                "name": "Customer Key",
                "type": "int",
                "precision": 10
            },
            {
                "name": "Supplier Key",
                "type": "int",
                "precision": 10
            },
            {
                "name": "Transaction Type Key",
                "type": "int",
                "precision": 10
            },
            {
                "name": "WWI Stock Item Transaction ID",
                "type": "int",
                "precision": 10
            },
            {
                "name": "WWI Invoice ID",
                "type": "int",
                "precision": 10
            },
            {
                "name": "WWI Purchase Order ID",
                "type": "int",
                "precision": 10
            },
            {
                "name": "Quantity",
                "type": "int",
                "precision": 10
            },
            {
                "name": "WWI Stock Item ID",
                "type": "int",
                "precision": 10
            },
            {
                "name": "WWI Customer ID",
                "type": "int",
                "precision": 10
            },
            {
                "name": "WWI Supplier ID",
                "type": "int",
                "precision": 10
            },
            {
                "name": "WWI Transaction Type ID",
                "type": "int",
                "precision": 10
            },
            {
                "name": "Last Modifed When",
                "type": "datetime2",
                "scale": 7
            }
        ],
        "typeProperties": {
            "schema": "Integration",
            "table": "Movement_Staging"
        }
    },
    "type": "Microsoft.DataFactory/factories/datasets"
}