{
    "now": "2021-08-20T15:05:29.857Z",
    "perfNow": 2253108.400000006,
    "diagnosticCorrelation": "c2c00dd2-7d53-48e7-816c-deaabf0d7ce3",
    "source": "DownloadSupportFiles",
    "environment": {
        "productName": "adf",
        "buildVersion": "1.0.20210817.11",
        "environmentType": 3,
        "resourceName": "antraazure",
        "resourceRegion": "eastus",
        "resourceGroup": "antra_azure",
        "subscriptionId": "f7581c15-340a-405c-91be-1ac59461c70a",
        "sessionId": "X+s4x",
        "operationId": "G0iWU",
        "gitType": "live"
    },
    "additionalInfo": {
        "selectedResource": "IntegrationToDimensionCity",
        "selectedResourceType": "pipeline"
    }
}