{
    "now": "2021-08-20T15:03:51.992Z",
    "perfNow": 2155246.599999994,
    "diagnosticCorrelation": "cf9c93eb-b5c5-4a6d-b6eb-084799b03c94",
    "source": "DownloadSupportFiles",
    "environment": {
        "productName": "adf",
        "buildVersion": "1.0.20210817.11",
        "environmentType": 3,
        "resourceName": "antraazure",
        "resourceRegion": "eastus",
        "resourceGroup": "antra_azure",
        "subscriptionId": "f7581c15-340a-405c-91be-1ac59461c70a",
        "sessionId": "X+s4x",
        "operationId": "G0iWU",
        "gitType": "live"
    },
    "additionalInfo": {
        "selectedResource": "ODSToDWIntegrationTran",
        "selectedResourceType": "pipeline"
    }
}