{
    "name": "IntegrationToDimensionCity",
    "properties": {
        "activities": [
            {
                "name": "IntegrationToDimensionCity",
                "type": "ExecuteDataFlow",
                "dependsOn": [],
                "policy": {
                    "timeout": "1.00:00:00",
                    "retry": 0,
                    "retryIntervalInSeconds": 30,
                    "secureOutput": false,
                    "secureInput": false
                },
                "userProperties": [],
                "typeProperties": {
                    "dataflow": {
                        "referenceName": "IntegrationToDimensionCity",
                        "type": "DataFlowReference"
                    },
                    "compute": {
                        "coreCount": 8,
                        "computeType": "General"
                    },
                    "traceLevel": "Fine"
                }
            }
        ],
        "folder": {
            "name": "IntegrationToDimension"
        },
        "annotations": [],
        "lastPublishTime": "2021-08-12T19:47:39Z"
    },
    "type": "Microsoft.DataFactory/factories/pipelines"
}