{
    "name": "IntegrationToDimensionCity",
    "properties": {
        "folder": {
            "name": "IntegrationToDimension"
        },
        "type": "MappingDataFlow",
        "typeProperties": {
            "sources": [
                {
                    "dataset": {
                        "referenceName": "DWIntegrationCity",
                        "type": "DatasetReference"
                    },
                    "name": "DWIntegrationCity"
                },
                {
                    "dataset": {
                        "referenceName": "DWDimensionCity",
                        "type": "DatasetReference"
                    },
                    "name": "DWDimensionCity"
                },
                {
                    "dataset": {
                        "referenceName": "DWDimensionCity",
                        "type": "DatasetReference"
                    },
                    "name": "MaxKey"
                }
            ],
            "sinks": [
                {
                    "dataset": {
                        "referenceName": "DWDimensionCity",
                        "type": "DatasetReference"
                    },
                    "name": "DWDimensionCityInsert"
                },
                {
                    "dataset": {
                        "referenceName": "DWDimensionCity",
                        "type": "DatasetReference"
                    },
                    "name": "DWDimensionCityUpdate"
                }
            ],
            "transformations": [
                {
                    "name": "SelectCity"
                },
                {
                    "name": "FilterValidTo"
                },
                {
                    "name": "ExcludeSameRecords"
                },
                {
                    "name": "AddHash1"
                },
                {
                    "name": "AddHash2"
                },
                {
                    "name": "LookupExistingRecord"
                },
                {
                    "name": "FilterExistingRecord"
                },
                {
                    "name": "ChangeColumnName"
                },
                {
                    "name": "JoinMax"
                },
                {
                    "name": "CityKey"
                },
                {
                    "name": "AddMetadate"
                },
                {
                    "name": "DerivedColumn1"
                },
                {
                    "name": "Update"
                },
                {
                    "name": "Insert"
                }
            ],
            "script": "source(output(\n\t\t{City Staging Key} as integer,\n\t\t{WWI City ID} as integer,\n\t\tCity as string,\n\t\t{State Province} as string,\n\t\tCountry as string,\n\t\tContinent as string,\n\t\t{Sales Territory} as string,\n\t\tRegion as string,\n\t\tSubregion as string,\n\t\tLocation as binary,\n\t\t{Latest Recorded Population} as long,\n\t\t{Valid From} as timestamp,\n\t\t{Valid To} as timestamp\n\t),\n\tallowSchemaDrift: true,\n\tvalidateSchema: false,\n\tisolationLevel: 'READ_UNCOMMITTED',\n\tformat: 'table') ~> DWIntegrationCity\nsource(output(\n\t\t{City Key} as integer,\n\t\t{WWI City ID} as integer,\n\t\tCity as string,\n\t\t{State Province} as string,\n\t\tCountry as string,\n\t\tContinent as string,\n\t\t{Sales Territory} as string,\n\t\tRegion as string,\n\t\tSubregion as string,\n\t\tLocation as binary,\n\t\t{Latest Recorded Population} as long,\n\t\t{Valid From} as timestamp,\n\t\t{Valid To} as timestamp,\n\t\t{Lineage Key} as integer\n\t),\n\tallowSchemaDrift: true,\n\tvalidateSchema: false,\n\tisolationLevel: 'READ_UNCOMMITTED',\n\tformat: 'table') ~> DWDimensionCity\nsource(output(\n\t\tmaxkey as integer\n\t),\n\tallowSchemaDrift: true,\n\tvalidateSchema: false,\n\tisolationLevel: 'READ_UNCOMMITTED',\n\tquery: 'SELECT ISNULL(MAX([City Key]), 0) AS maxkey\\nFROM Dimension.City',\n\tformat: 'query') ~> MaxKey\nDWIntegrationCity select(mapColumn(\n\t\t{WWI City ID},\n\t\tCity,\n\t\t{State Province},\n\t\tCountry,\n\t\tContinent,\n\t\t{Sales Territory},\n\t\tRegion,\n\t\tSubregion,\n\t\tLocation,\n\t\t{Latest Recorded Population}\n\t),\n\tskipDuplicateMapInputs: true,\n\tskipDuplicateMapOutputs: true) ~> SelectCity\nDWDimensionCity filter(year({Valid To}) == 9999) ~> FilterValidTo\nAddHash1, AddHash2 exists({Hash Value} == {E Hash Value},\n\tnegate:true,\n\tbroadcast: 'auto')~> ExcludeSameRecords\nSelectCity derive({Hash Value} = sha2(256, {WWI City ID}, City, {State Province}, Country, Continent, {Sales Territory}, Region, Subregion, Location, {Latest Recorded Population}),\n\t\t{New Population} = iifNull({Latest Recorded Population}, toLong(0))) ~> AddHash1\nChangeColumnName derive({E Hash Value} = sha2(256, {E City ID}, {E City}, {E State Province}, {E Country}, {E Continent}, {E Sales Territory}, {E Region}, {E Subregion}, {E Location}, {E Latest Recorded Population})) ~> AddHash2\nExcludeSameRecords, ChangeColumnName lookup({WWI City ID} == {E City ID},\n\tmultiple: true,\n\tbroadcast: 'auto')~> LookupExistingRecord\nLookupExistingRecord split(isNull({E City ID}),\n\tdisjoint: false) ~> FilterExistingRecord@(NewRecord, ExistingRecord)\nFilterValidTo select(mapColumn(\n\t\t{E City Key} = {City Key},\n\t\t{E City ID} = {WWI City ID},\n\t\t{E City} = City,\n\t\t{E State Province} = {State Province},\n\t\t{E Country} = Country,\n\t\t{E Continent} = Continent,\n\t\t{E Sales Territory} = {Sales Territory},\n\t\t{E Region} = Region,\n\t\t{E Subregion} = Subregion,\n\t\t{E Location} = Location,\n\t\t{E Latest Recorded Population} = {Latest Recorded Population},\n\t\t{E Valid From} = {Valid From},\n\t\t{E Valid To} = {Valid To},\n\t\t{E Lineage Key} = {Lineage Key}\n\t),\n\tskipDuplicateMapInputs: true,\n\tskipDuplicateMapOutputs: true) ~> ChangeColumnName\nFilterExistingRecord@NewRecord, MaxKey join(true(),\n\tjoinType:'cross',\n\tbroadcast: 'auto')~> JoinMax\nJoinMax keyGenerate(output({New City Key} as long),\n\tstartAt: 1L) ~> CityKey\nCityKey derive({New City Key} = maxkey + {New City Key},\n\t\t{Valid Start} = currentTimestamp(),\n\t\t{Valid End} = toTimestamp('9999-12-31 23:59:59'),\n\t\t{Lineage Key} = 1) ~> AddMetadate\nFilterExistingRecord@ExistingRecord derive({Valid End} = currentTimestamp()) ~> DerivedColumn1\nDerivedColumn1 alterRow(updateIf(1==1)) ~> Update\nAddMetadate alterRow(insertIf(true())) ~> Insert\nInsert sink(allowSchemaDrift: true,\n\tvalidateSchema: false,\n\tinput(\n\t\t{City Key} as integer,\n\t\t{WWI City ID} as integer,\n\t\tCity as string,\n\t\t{State Province} as string,\n\t\tCountry as string,\n\t\tContinent as string,\n\t\t{Sales Territory} as string,\n\t\tRegion as string,\n\t\tSubregion as string,\n\t\tLocation as binary,\n\t\t{Latest Recorded Population} as long,\n\t\t{Valid From} as timestamp,\n\t\t{Valid To} as timestamp,\n\t\t{Lineage Key} as integer\n\t),\n\tdeletable:false,\n\tinsertable:true,\n\tupdateable:false,\n\tupsertable:false,\n\tformat: 'table',\n\tskipDuplicateMapInputs: true,\n\tskipDuplicateMapOutputs: true,\n\tsaveOrder: 1,\n\terrorHandlingOption: 'stopOnFirstError',\n\tmapColumn(\n\t\t{City Key} = {New City Key},\n\t\t{WWI City ID},\n\t\tCity,\n\t\t{State Province},\n\t\tCountry,\n\t\tContinent,\n\t\t{Sales Territory},\n\t\tRegion,\n\t\tSubregion,\n\t\tLocation,\n\t\t{Latest Recorded Population} = {New Population},\n\t\t{Valid From} = {Valid Start},\n\t\t{Valid To} = {Valid End},\n\t\t{Lineage Key}\n\t)) ~> DWDimensionCityInsert\nUpdate sink(allowSchemaDrift: true,\n\tvalidateSchema: false,\n\tinput(\n\t\t{City Key} as integer,\n\t\t{WWI City ID} as integer,\n\t\tCity as string,\n\t\t{State Province} as string,\n\t\tCountry as string,\n\t\tContinent as string,\n\t\t{Sales Territory} as string,\n\t\tRegion as string,\n\t\tSubregion as string,\n\t\tLocation as binary,\n\t\t{Latest Recorded Population} as long,\n\t\t{Valid From} as timestamp,\n\t\t{Valid To} as timestamp,\n\t\t{Lineage Key} as integer\n\t),\n\tdeletable:false,\n\tinsertable:false,\n\tupdateable:true,\n\tupsertable:false,\n\tkeys:['City Key'],\n\tformat: 'table',\n\tskipDuplicateMapInputs: true,\n\tskipDuplicateMapOutputs: true,\n\tsaveOrder: 2,\n\terrorHandlingOption: 'stopOnFirstError',\n\tmapColumn(\n\t\t{City Key} = {E City Key},\n\t\t{WWI City ID},\n\t\tCity,\n\t\t{State Province},\n\t\tCountry,\n\t\tContinent,\n\t\t{Sales Territory},\n\t\tRegion,\n\t\tSubregion,\n\t\tLocation,\n\t\t{Latest Recorded Population} = {New Population},\n\t\t{Valid From} = {E Valid From},\n\t\t{Valid To} = {Valid End},\n\t\t{Lineage Key} = {E Lineage Key}\n\t)) ~> DWDimensionCityUpdate"
        }
    }
}