{
    "name": "Movie",
    "properties": {
        "folder": {
            "name": "Movie"
        },
        "type": "MappingDataFlow",
        "typeProperties": {
            "sources": [
                {
                    "dataset": {
                        "referenceName": "movie",
                        "type": "DatasetReference"
                    },
                    "name": "movie"
                }
            ],
            "sinks": [
                {
                    "linkedService": {
                        "referenceName": "stroageaccount",
                        "type": "LinkedServiceReference"
                    },
                    "name": "MovieGenresSink"
                },
                {
                    "linkedService": {
                        "referenceName": "stroageaccount",
                        "type": "LinkedServiceReference"
                    },
                    "name": "MovieSink"
                },
                {
                    "linkedService": {
                        "referenceName": "stroageaccount",
                        "type": "LinkedServiceReference"
                    },
                    "name": "GenresSink"
                }
            ],
            "transformations": [
                {
                    "name": "FlattenMovie"
                },
                {
                    "name": "DistinctMovie"
                },
                {
                    "name": "FlattenMovieGenres"
                },
                {
                    "name": "SurrogateKey"
                },
                {
                    "name": "FlattenGenres"
                },
                {
                    "name": "DistinctGenres"
                },
                {
                    "name": "FilterGenres"
                },
                {
                    "name": "SelectGenres"
                },
                {
                    "name": "SelectMovieGenres"
                },
                {
                    "name": "RuntimeAndBudget"
                },
                {
                    "name": "Select2"
                },
                {
                    "name": "SelectMovie"
                }
            ],
            "script": "source(output(\n\t\tmovie as (Id as string, Title as string, Overview as string, Tagline as string, Budget as double, Revenue as double, ImdbUrl as string, TmdbUrl as string, PosterUrl as string, BackdropUrl as string, OriginalLanguage as string, ReleaseDate as string, RunTime as string, Price as double, CreatedDate as string, UpdatedDate as string, UpdatedBy as string, CreatedBy as string, genres as (id as string, name as string)[])[]\n\t),\n\tallowSchemaDrift: true,\n\tvalidateSchema: false,\n\tignoreNoFilesFound: false,\n\tdocumentForm: 'singleDocument',\n\twildcardPaths:['movie_0.json','movie_1.json','movie_2.json','movie_3.json','movie_4.json','movie_5.json','movie_6.json','movie_7.json']) ~> movie\nmovie foldDown(unroll(movie),\n\tmapColumn(\n\t\tmovie\n\t),\n\tskipDuplicateMapInputs: false,\n\tskipDuplicateMapOutputs: false) ~> FlattenMovie\nFlattenMovie aggregate(groupBy(movie),\n\tcount = count(1)) ~> DistinctMovie\nDistinctMovie foldDown(unroll(movie.genres),\n\tmapColumn(\n\t\tMovieId = movie.Id,\n\t\tGenresId = movie.genres.id\n\t),\n\tskipDuplicateMapInputs: false,\n\tskipDuplicateMapOutputs: false) ~> FlattenMovieGenres\nFlattenMovieGenres keyGenerate(output(MovieGenreId as long),\n\tstartAt: 1L) ~> SurrogateKey\nDistinctMovie foldDown(unroll(movie.genres),\n\tmapColumn(\n\t\tGenres = movie.genres\n\t),\n\tskipDuplicateMapInputs: false,\n\tskipDuplicateMapOutputs: false) ~> FlattenGenres\nFlattenGenres aggregate(groupBy(Genres),\n\tcount = count(1)) ~> DistinctGenres\nSelectGenres filter(GenresName != '') ~> FilterGenres\nDistinctGenres select(mapColumn(\n\t\tGenresId = Genres.id,\n\t\tGenresName = Genres.name\n\t),\n\tskipDuplicateMapInputs: true,\n\tskipDuplicateMapOutputs: true) ~> SelectGenres\nSurrogateKey select(mapColumn(\n\t\tMovieGenreId,\n\t\tMovieId,\n\t\tGenresId\n\t),\n\tskipDuplicateMapInputs: true,\n\tskipDuplicateMapOutputs: true) ~> SelectMovieGenres\nSelect2 derive(NewRunTime = iif(toInteger(RunTime) < 0, abs(toInteger(RunTime)), toInteger(RunTime)),\n\t\tNewBudget = iif(Budget < 1000000, toDouble(1000000), Budget)) ~> RuntimeAndBudget\nDistinctMovie select(mapColumn(\n\t\tId = movie.Id,\n\t\tBackdropUrl = movie.BackdropUrl,\n\t\tBudget = movie.Budget,\n\t\tCreatedBy = movie.CreatedBy,\n\t\tCreatedDate = movie.CreatedDate,\n\t\tImdbUrl = movie.ImdbUrl,\n\t\tOriginalLanguage = movie.OriginalLanguage,\n\t\tOverview = movie.Overview,\n\t\tPosterUrl = movie.PosterUrl,\n\t\tPrice = movie.Price,\n\t\tReleaseDate = movie.ReleaseDate,\n\t\tRevenue = movie.Revenue,\n\t\tRunTime = movie.RunTime,\n\t\tTagline = movie.Tagline,\n\t\tTitle = movie.Title,\n\t\tTmdbUrl = movie.TmdbUrl,\n\t\tUpdatedBy = movie.UpdatedBy,\n\t\tUpdatedDate = movie.UpdatedDate\n\t),\n\tskipDuplicateMapInputs: true,\n\tskipDuplicateMapOutputs: true) ~> Select2\nRuntimeAndBudget select(mapColumn(\n\t\tId,\n\t\tBackdropUrl,\n\t\tCreatedBy,\n\t\tCreatedDate,\n\t\tImdbUrl,\n\t\tOriginalLanguage,\n\t\tOverview,\n\t\tPosterUrl,\n\t\tPrice,\n\t\tReleaseDate,\n\t\tRevenue,\n\t\tTagline,\n\t\tTitle,\n\t\tTmdbUrl,\n\t\tUpdatedBy,\n\t\tUpdatedDate,\n\t\tRunTime = NewRunTime,\n\t\tBudget = NewBudget\n\t),\n\tskipDuplicateMapInputs: true,\n\tskipDuplicateMapOutputs: true) ~> SelectMovie\nSelectMovieGenres sink(allowSchemaDrift: true,\n\tvalidateSchema: false,\n\tformat: 'delta',\n\tcontainer: 'deltamovie',\n\tfolderPath: 'moviegenres',\n\toverwrite:true,\n\tmergeSchema: false,\n\tautoCompact: false,\n\toptimizedWrite: false,\n\tvacuum: 0,\n\tdeletable:false,\n\tinsertable:true,\n\tupdateable:false,\n\tupsertable:false,\n\tskipDuplicateMapInputs: true,\n\tskipDuplicateMapOutputs: true,\n\tsaveOrder: 1) ~> MovieGenresSink\nSelectMovie sink(allowSchemaDrift: true,\n\tvalidateSchema: false,\n\tformat: 'delta',\n\tcontainer: 'deltamovie',\n\tfolderPath: 'movie',\n\tmergeSchema: false,\n\tautoCompact: false,\n\toptimizedWrite: false,\n\tvacuum: 0,\n\tdeletable:false,\n\tinsertable:true,\n\tupdateable:false,\n\tupsertable:false,\n\tskipDuplicateMapInputs: true,\n\tskipDuplicateMapOutputs: true,\n\tsaveOrder: 1) ~> MovieSink\nFilterGenres sink(allowSchemaDrift: true,\n\tvalidateSchema: false,\n\tformat: 'delta',\n\tcontainer: 'deltamovie',\n\tfolderPath: 'genres',\n\tmergeSchema: false,\n\tautoCompact: false,\n\toptimizedWrite: false,\n\tvacuum: 0,\n\tdeletable:false,\n\tinsertable:true,\n\tupdateable:false,\n\tupsertable:false,\n\tskipDuplicateMapInputs: true,\n\tskipDuplicateMapOutputs: true) ~> GenresSink"
        }
    }
}