{
    "name": "AddMetadata",
    "properties": {
        "folder": {
            "name": "CopyActivity"
        },
        "type": "MappingDataFlow",
        "typeProperties": {
            "sources": [
                {
                    "dataset": {
                        "referenceName": "OLTPDynamicTable",
                        "type": "DatasetReference"
                    },
                    "name": "OLTPTable"
                }
            ],
            "sinks": [
                {
                    "dataset": {
                        "referenceName": "ODSDynamicTable",
                        "type": "DatasetReference"
                    },
                    "name": "ODSTable"
                }
            ],
            "transformations": [
                {
                    "name": "KeyAndDatetime"
                },
                {
                    "name": "filter1"
                }
            ],
            "script": "parameters{\n\tLastReadTime as string\n}\nsource(output(\n\t\tCustomerID as integer,\n\t\tCustomerName as string,\n\t\tBillToCustomerID as integer,\n\t\tCustomerCategoryID as integer,\n\t\tBuyingGroupID as integer,\n\t\tPrimaryContactPersonID as integer,\n\t\tAlternateContactPersonID as integer,\n\t\tDeliveryMethodID as integer,\n\t\tDeliveryCityID as integer,\n\t\tPostalCityID as integer,\n\t\tCreditLimit as decimal(18,2),\n\t\tAccountOpenedDate as date,\n\t\tStandardDiscountPercentage as decimal(18,3),\n\t\tIsStatementSent as boolean,\n\t\tIsOnCreditHold as boolean,\n\t\tPaymentDays as integer,\n\t\tPhoneNumber as string,\n\t\tFaxNumber as string,\n\t\tDeliveryRun as string,\n\t\tRunPosition as string,\n\t\tWebsiteURL as string,\n\t\tDeliveryAddressLine1 as string,\n\t\tDeliveryAddressLine2 as string,\n\t\tDeliveryPostalCode as string,\n\t\tDeliveryLocation as binary,\n\t\tPostalAddressLine1 as string,\n\t\tPostalAddressLine2 as string,\n\t\tPostalPostalCode as string,\n\t\tLastEditedBy as integer,\n\t\tValidFrom as timestamp,\n\t\tValidTo as timestamp\n\t),\n\tallowSchemaDrift: true,\n\tvalidateSchema: false,\n\tisolationLevel: 'READ_UNCOMMITTED',\n\tformat: 'table') ~> OLTPTable\nfilter1 derive(SurrogateID = uuid(),\n\t\tIngestDatetime = currentTimestamp(),\n\t\ttime = $LastReadTime) ~> KeyAndDatetime\nOLTPTable filter(ValidFrom <= toTimestamp($LastReadTime)) ~> filter1\nKeyAndDatetime sink(allowSchemaDrift: true,\n\tvalidateSchema: false,\n\tdeletable:false,\n\tinsertable:true,\n\tupdateable:false,\n\tupsertable:false,\n\tformat: 'table',\n\terrorHandlingOption: 'stopOnFirstError') ~> ODSTable"
        }
    }
}