{
    "name": "ODSToDWIntegrationEmp",
    "properties": {
        "folder": {
            "name": "ODSToDWIntegration"
        },
        "type": "MappingDataFlow",
        "typeProperties": {
            "sources": [
                {
                    "dataset": {
                        "referenceName": "ODSAppPeopl",
                        "type": "DatasetReference"
                    },
                    "name": "ODSAppPeopl"
                }
            ],
            "sinks": [
                {
                    "dataset": {
                        "referenceName": "DWIntegrationEmp",
                        "type": "DatasetReference"
                    },
                    "name": "IntegrationEmp"
                }
            ],
            "transformations": [
                {
                    "name": "FilterEmployee"
                },
                {
                    "name": "SelectEmpCol"
                },
                {
                    "name": "AddIngestDatetime"
                }
            ],
            "script": "source(output(\n\t\tPersonID as integer,\n\t\tFullName as string,\n\t\tPreferredName as string,\n\t\tSearchName as string,\n\t\tIsPermittedToLogon as boolean,\n\t\tLogonName as string,\n\t\tIsExternalLogonProvider as boolean,\n\t\tHashedPassword as binary,\n\t\tIsSystemUser as boolean,\n\t\tIsEmployee as boolean,\n\t\tIsSalesperson as boolean,\n\t\tUserPreferences as string,\n\t\tPhoneNumber as string,\n\t\tFaxNumber as string,\n\t\tEmailAddress as string,\n\t\tPhoto as binary,\n\t\tCustomFields as string,\n\t\tOtherLanguages as string,\n\t\tLastEditedBy as integer,\n\t\tValidFrom as timestamp,\n\t\tValidTo as timestamp,\n\t\tSurrogateID as string,\n\t\tIngestDatetime as timestamp\n\t),\n\tallowSchemaDrift: true,\n\tvalidateSchema: false,\n\tisolationLevel: 'READ_UNCOMMITTED',\n\tformat: 'table') ~> ODSAppPeopl\nODSAppPeopl filter(IsEmployee) ~> FilterEmployee\nFilterEmployee select(mapColumn(\n\t\t{Employee Surrogate Key} = SurrogateID,\n\t\t{WWI Employee ID} = PersonID,\n\t\tEmployee = FullName,\n\t\t{Preferred Name} = PreferredName,\n\t\t{Is Salesperson} = IsSalesperson,\n\t\tPhoto,\n\t\t{Valid From} = ValidFrom,\n\t\t{Valid To} = ValidTo\n\t),\n\tskipDuplicateMapInputs: true,\n\tskipDuplicateMapOutputs: true) ~> SelectEmpCol\nSelectEmpCol derive({Ingest Datetime} = currentTimestamp()) ~> AddIngestDatetime\nAddIngestDatetime sink(allowSchemaDrift: true,\n\tvalidateSchema: false,\n\tinput(\n\t\t{Employee Staging Key} as integer,\n\t\t{WWI Employee ID} as integer,\n\t\tEmployee as string,\n\t\t{Preferred Name} as string,\n\t\t{Is Salesperson} as boolean,\n\t\tPhoto as binary,\n\t\t{Valid From} as timestamp,\n\t\t{Valid To} as timestamp\n\t),\n\tdeletable:false,\n\tinsertable:true,\n\tupdateable:false,\n\tupsertable:false,\n\trecreate:true,\n\tformat: 'table',\n\tskipDuplicateMapInputs: true,\n\tskipDuplicateMapOutputs: true,\n\terrorHandlingOption: 'stopOnFirstError') ~> IntegrationEmp"
        }
    }
}