{
    "name": "movie",
    "properties": {
        "linkedServiceName": {
            "referenceName": "stroageaccount",
            "type": "LinkedServiceReference"
        },
        "annotations": [],
        "type": "Json",
        "typeProperties": {
            "location": {
                "type": "AzureBlobStorageLocation",
                "container": "movie"
            }
        },
        "schema": {
            "type": "object",
            "properties": {
                "movie": {
                    "type": "array",
                    "items": {
                        "type": "object",
                        "properties": {
                            "Id": {
                                "type": "integer"
                            },
                            "Title": {
                                "type": "string"
                            },
                            "Overview": {
                                "type": "string"
                            },
                            "Tagline": {
                                "type": "string"
                            },
                            "Budget": {
                                "type": "number"
                            },
                            "Revenue": {
                                "type": "number"
                            },
                            "ImdbUrl": {
                                "type": "string"
                            },
                            "TmdbUrl": {
                                "type": "string"
                            },
                            "PosterUrl": {
                                "type": "string"
                            },
                            "BackdropUrl": {
                                "type": "string"
                            },
                            "OriginalLanguage": {
                                "type": "string"
                            },
                            "ReleaseDate": {
                                "type": "string"
                            },
                            "RunTime": {
                                "type": "integer"
                            },
                            "Price": {
                                "type": "number"
                            },
                            "CreatedDate": {
                                "type": "string"
                            },
                            "UpdatedDate": {
                                "type": "null"
                            },
                            "UpdatedBy": {
                                "type": "null"
                            },
                            "CreatedBy": {
                                "type": "null"
                            },
                            "genres": {
                                "type": "array",
                                "items": {
                                    "type": "object",
                                    "properties": {
                                        "id": {
                                            "type": "integer"
                                        },
                                        "name": {
                                            "type": "string"
                                        }
                                    }
                                }
                            }
                        }
                    }
                }
            }
        }
    },
    "type": "Microsoft.DataFactory/factories/datasets"
}