{
    "name": "ODSToDWIntegrationOrder",
    "properties": {
        "folder": {
            "name": "ODSToDWIntegration"
        },
        "type": "MappingDataFlow",
        "typeProperties": {
            "sources": [
                {
                    "dataset": {
                        "referenceName": "ODSSalesOrderL",
                        "type": "DatasetReference"
                    },
                    "name": "ODSSalesOrderL"
                },
                {
                    "dataset": {
                        "referenceName": "ODSSalesOrder",
                        "type": "DatasetReference"
                    },
                    "name": "ODSSalesOrder"
                },
                {
                    "dataset": {
                        "referenceName": "ODSSalesCustom",
                        "type": "DatasetReference"
                    },
                    "name": "ODSSalesCustom"
                },
                {
                    "dataset": {
                        "referenceName": "ODSAppCity",
                        "type": "DatasetReference"
                    },
                    "name": "ODSSalesCity"
                },
                {
                    "dataset": {
                        "referenceName": "ODSWarehouseStock",
                        "type": "DatasetReference"
                    },
                    "name": "ODSWarehouseStock"
                },
                {
                    "dataset": {
                        "referenceName": "ODSAppPeopl",
                        "type": "DatasetReference"
                    },
                    "name": "ODSAppPeopl"
                },
                {
                    "dataset": {
                        "referenceName": "ODSWarehousePack",
                        "type": "DatasetReference"
                    },
                    "name": "ODSWarehousePack"
                }
            ],
            "sinks": [
                {
                    "dataset": {
                        "referenceName": "DWIntegrationOrder",
                        "type": "DatasetReference"
                    },
                    "name": "DWIntegrationOrder"
                }
            ],
            "transformations": [
                {
                    "name": "JoinOrderOrderL"
                },
                {
                    "name": "SelectOrderOrderL"
                },
                {
                    "name": "JoinOrderLCust"
                },
                {
                    "name": "JoinOrderLCuCi"
                },
                {
                    "name": "SelectOrCuCi"
                },
                {
                    "name": "JoinOrCuCiSt"
                },
                {
                    "name": "SelectOrCuCiSt"
                },
                {
                    "name": "JoinOrCuCiStSa"
                },
                {
                    "name": "SelectOrCuCiStSa"
                },
                {
                    "name": "JoinOrCuCiStSaPi"
                },
                {
                    "name": "SelectOrCuCiStSaPi"
                },
                {
                    "name": "AddIngestDatetime"
                },
                {
                    "name": "SelectResult"
                },
                {
                    "name": "JoinOrCuCiStSaPiPa"
                },
                {
                    "name": "SelectOrCuCiStSaPiPa"
                }
            ],
            "script": "source(output(\n\t\tOrderLineID as integer,\n\t\tOrderID as integer,\n\t\tStockItemID as integer,\n\t\tDescription as string,\n\t\tPackageTypeID as integer,\n\t\tQuantity as integer,\n\t\tUnitPrice as decimal(18,2),\n\t\tTaxRate as decimal(18,3),\n\t\tPickedQuantity as integer,\n\t\tPickingCompletedWhen as timestamp,\n\t\tLastEditedBy as integer,\n\t\tLastEditedWhen as timestamp,\n\t\tSurrogateID as string,\n\t\tIngestDatetime as timestamp\n\t),\n\tallowSchemaDrift: true,\n\tvalidateSchema: false,\n\tisolationLevel: 'READ_UNCOMMITTED',\n\tformat: 'table') ~> ODSSalesOrderL\nsource(output(\n\t\tOrderID as integer,\n\t\tCustomerID as integer,\n\t\tSalespersonPersonID as integer,\n\t\tPickedByPersonID as integer,\n\t\tContactPersonID as integer,\n\t\tBackorderOrderID as integer,\n\t\tOrderDate as date,\n\t\tExpectedDeliveryDate as date,\n\t\tCustomerPurchaseOrderNumber as string,\n\t\tIsUndersupplyBackordered as boolean,\n\t\tComments as string,\n\t\tDeliveryInstructions as string,\n\t\tInternalComments as string,\n\t\tPickingCompletedWhen as timestamp,\n\t\tLastEditedBy as integer,\n\t\tLastEditedWhen as timestamp,\n\t\tSurrogateID as string,\n\t\tIngestDatetime as timestamp\n\t),\n\tallowSchemaDrift: true,\n\tvalidateSchema: false,\n\tisolationLevel: 'READ_UNCOMMITTED',\n\tformat: 'table') ~> ODSSalesOrder\nsource(output(\n\t\tCustomerID as integer,\n\t\tCustomerName as string,\n\t\tBillToCustomerID as integer,\n\t\tCustomerCategoryID as integer,\n\t\tBuyingGroupID as integer,\n\t\tPrimaryContactPersonID as integer,\n\t\tAlternateContactPersonID as integer,\n\t\tDeliveryMethodID as integer,\n\t\tDeliveryCityID as integer,\n\t\tPostalCityID as integer,\n\t\tCreditLimit as decimal(18,2),\n\t\tAccountOpenedDate as date,\n\t\tStandardDiscountPercentage as decimal(18,3),\n\t\tIsStatementSent as boolean,\n\t\tIsOnCreditHold as boolean,\n\t\tPaymentDays as integer,\n\t\tPhoneNumber as string,\n\t\tFaxNumber as string,\n\t\tDeliveryRun as string,\n\t\tRunPosition as string,\n\t\tWebsiteURL as string,\n\t\tDeliveryAddressLine1 as string,\n\t\tDeliveryAddressLine2 as string,\n\t\tDeliveryPostalCode as string,\n\t\tDeliveryLocation as binary,\n\t\tPostalAddressLine1 as string,\n\t\tPostalAddressLine2 as string,\n\t\tPostalPostalCode as string,\n\t\tLastEditedBy as integer,\n\t\tValidFrom as timestamp,\n\t\tValidTo as timestamp,\n\t\tSurrogateID as string,\n\t\tIngestDatetime as timestamp\n\t),\n\tallowSchemaDrift: true,\n\tvalidateSchema: false,\n\tisolationLevel: 'READ_UNCOMMITTED',\n\tformat: 'table') ~> ODSSalesCustom\nsource(output(\n\t\tCityID as integer,\n\t\tCityName as string,\n\t\tStateProvinceID as integer,\n\t\tLocation as binary,\n\t\tLatestRecordedPopulation as long,\n\t\tLastEditedBy as integer,\n\t\tValidFrom as timestamp,\n\t\tValidTo as timestamp,\n\t\tSurrogateID as string,\n\t\tIngestDatetime as timestamp\n\t),\n\tallowSchemaDrift: true,\n\tvalidateSchema: false,\n\tisolationLevel: 'READ_UNCOMMITTED',\n\tformat: 'table') ~> ODSSalesCity\nsource(output(\n\t\tStockItemID as integer,\n\t\tStockItemName as string,\n\t\tSupplierID as integer,\n\t\tColorID as integer,\n\t\tUnitPackageID as integer,\n\t\tOuterPackageID as integer,\n\t\tBrand as string,\n\t\tSize as string,\n\t\tLeadTimeDays as integer,\n\t\tQuantityPerOuter as integer,\n\t\tIsChillerStock as boolean,\n\t\tBarcode as string,\n\t\tTaxRate as decimal(18,3),\n\t\tUnitPrice as decimal(18,2),\n\t\tRecommendedRetailPrice as decimal(18,2),\n\t\tTypicalWeightPerUnit as decimal(18,3),\n\t\tMarketingComments as string,\n\t\tInternalComments as string,\n\t\tPhoto as binary,\n\t\tCustomFields as string,\n\t\tTags as string,\n\t\tSearchDetails as string,\n\t\tLastEditedBy as integer,\n\t\tValidFrom as timestamp,\n\t\tValidTo as timestamp,\n\t\tSurrogateID as string,\n\t\tIngestDatetime as timestamp\n\t),\n\tallowSchemaDrift: true,\n\tvalidateSchema: false,\n\tisolationLevel: 'READ_UNCOMMITTED',\n\tformat: 'table') ~> ODSWarehouseStock\nsource(output(\n\t\tPersonID as integer,\n\t\tFullName as string,\n\t\tPreferredName as string,\n\t\tSearchName as string,\n\t\tIsPermittedToLogon as boolean,\n\t\tLogonName as string,\n\t\tIsExternalLogonProvider as boolean,\n\t\tHashedPassword as binary,\n\t\tIsSystemUser as boolean,\n\t\tIsEmployee as boolean,\n\t\tIsSalesperson as boolean,\n\t\tUserPreferences as string,\n\t\tPhoneNumber as string,\n\t\tFaxNumber as string,\n\t\tEmailAddress as string,\n\t\tPhoto as binary,\n\t\tCustomFields as string,\n\t\tOtherLanguages as string,\n\t\tLastEditedBy as integer,\n\t\tValidFrom as timestamp,\n\t\tValidTo as timestamp,\n\t\tSurrogateID as string,\n\t\tIngestDatetime as timestamp\n\t),\n\tallowSchemaDrift: true,\n\tvalidateSchema: false,\n\tisolationLevel: 'READ_UNCOMMITTED',\n\tformat: 'table') ~> ODSAppPeopl\nsource(output(\n\t\tPackageTypeID as integer,\n\t\tPackageTypeName as string,\n\t\tLastEditedBy as integer,\n\t\tValidFrom as timestamp,\n\t\tValidTo as timestamp,\n\t\tSurrogateID as string,\n\t\tIngestDatetime as timestamp\n\t),\n\tallowSchemaDrift: true,\n\tvalidateSchema: false,\n\tisolationLevel: 'READ_UNCOMMITTED',\n\tformat: 'table') ~> ODSWarehousePack\nODSSalesOrderL, ODSSalesOrder join(ODSSalesOrderL@OrderID == ODSSalesOrder@OrderID,\n\tjoinType:'inner',\n\tbroadcast: 'auto')~> JoinOrderOrderL\nJoinOrderOrderL select(mapColumn(\n\t\t{Order Surrogate Key} = ODSSalesOrderL@SurrogateID,\n\t\t{Order Date Key} = OrderDate,\n\t\t{Picked Date Key} = ODSSalesOrderL@PickingCompletedWhen,\n\t\t{WWI Order ID} = ODSSalesOrderL@OrderID,\n\t\t{WWI Backorder ID} = BackorderOrderID,\n\t\tDescription,\n\t\tPackageTypeID,\n\t\tQuantity,\n\t\t{Unit Price} = UnitPrice,\n\t\t{Tax Rate} = TaxRate,\n\t\t{Last Modified When} = ODSSalesOrderL@LastEditedWhen,\n\t\t{WWI Customer ID} = CustomerID,\n\t\t{WWI Stock Item ID} = StockItemID,\n\t\t{WWI Salesperson ID} = SalespersonPersonID,\n\t\t{WWI Picker ID} = PickedByPersonID\n\t),\n\tskipDuplicateMapInputs: true,\n\tskipDuplicateMapOutputs: true) ~> SelectOrderOrderL\nSelectOrderOrderL, ODSSalesCustom join({WWI Customer ID} == CustomerID,\n\tjoinType:'inner',\n\tbroadcast: 'auto')~> JoinOrderLCust\nJoinOrderLCust, ODSSalesCity join(PostalCityID == CityID,\n\tjoinType:'inner',\n\tbroadcast: 'auto')~> JoinOrderLCuCi\nJoinOrderLCuCi select(mapColumn(\n\t\t{Order Surrogate Key},\n\t\t{City Surrogate Key} = ODSSalesCity@SurrogateID,\n\t\t{Customer Surrogate Key } = ODSSalesCustom@SurrogateID,\n\t\t{Order Date Key},\n\t\t{Picked Date Key},\n\t\t{WWI Order ID},\n\t\t{WWI Backorder ID},\n\t\tDescription,\n\t\tPackageTypeID,\n\t\tQuantity,\n\t\t{Unit Price},\n\t\t{Tax Rate},\n\t\t{WWI City ID} = CityID,\n\t\t{WWI Customer ID} = CustomerID,\n\t\t{WWI Stock Item ID},\n\t\t{WWI Salesperson ID},\n\t\t{WWI Picker ID},\n\t\t{Last Modified When}\n\t),\n\tskipDuplicateMapInputs: true,\n\tskipDuplicateMapOutputs: true) ~> SelectOrCuCi\nSelectOrCuCi, ODSWarehouseStock join({WWI Stock Item ID} == StockItemID,\n\tjoinType:'inner',\n\tbroadcast: 'auto')~> JoinOrCuCiSt\nJoinOrCuCiSt select(mapColumn(\n\t\t{Order Surrogate Key},\n\t\t{City Surrogate Key},\n\t\t{Customer Surrogate Key },\n\t\t{Stock Item Surrogate Key} = SurrogateID,\n\t\t{Order Date Key},\n\t\t{Picked Date Key},\n\t\t{WWI Order ID},\n\t\t{WWI Backorder ID},\n\t\tDescription,\n\t\tPackageTypeID,\n\t\tQuantity,\n\t\t{Unit Price},\n\t\t{Tax Rate},\n\t\t{WWI City ID},\n\t\t{WWI Customer ID},\n\t\t{WWI Stock Item ID},\n\t\t{WWI Salesperson ID},\n\t\t{WWI Picker ID},\n\t\t{Last Modified When}\n\t),\n\tskipDuplicateMapInputs: true,\n\tskipDuplicateMapOutputs: true) ~> SelectOrCuCiSt\nSelectOrCuCiSt, ODSAppPeopl join({WWI Salesperson ID} == PersonID,\n\tjoinType:'inner',\n\tbroadcast: 'auto')~> JoinOrCuCiStSa\nJoinOrCuCiStSa select(mapColumn(\n\t\t{Order Surrogate Key},\n\t\t{City Surrogate Key},\n\t\t{Customer Surrogate Key },\n\t\t{Stock Item Surrogate Key},\n\t\t{Order Date Key},\n\t\t{Picked Date Key},\n\t\t{Salesperson Surrogate Key} = SurrogateID,\n\t\t{WWI Order ID},\n\t\t{WWI Backorder ID},\n\t\tDescription,\n\t\tPackageTypeID,\n\t\tQuantity,\n\t\t{Unit Price},\n\t\t{Tax Rate},\n\t\t{WWI City ID},\n\t\t{WWI Customer ID},\n\t\t{WWI Stock Item ID},\n\t\t{WWI Salesperson ID},\n\t\t{WWI Picker ID},\n\t\t{Last Modified When}\n\t),\n\tskipDuplicateMapInputs: true,\n\tskipDuplicateMapOutputs: true) ~> SelectOrCuCiStSa\nSelectOrCuCiStSa, ODSAppPeopl join({WWI Picker ID} == PersonID,\n\tjoinType:'left',\n\tbroadcast: 'auto')~> JoinOrCuCiStSaPi\nJoinOrCuCiStSaPi select(mapColumn(\n\t\t{Order Surrogate Key},\n\t\t{City Surrogate Key},\n\t\t{Customer Surrogate Key },\n\t\t{Stock Item Surrogate Key},\n\t\t{Order Date Key},\n\t\t{Picked Date Key},\n\t\t{Salesperson Surrogate Key},\n\t\t{Picker Surrogate Key} = SurrogateID,\n\t\t{WWI Order ID},\n\t\t{WWI Backorder ID},\n\t\tDescription,\n\t\tPackageTypeID,\n\t\tQuantity,\n\t\t{Unit Price},\n\t\t{Tax Rate},\n\t\t{WWI City ID},\n\t\t{WWI Customer ID},\n\t\t{WWI Stock Item ID},\n\t\t{WWI Salesperson ID},\n\t\t{WWI Picker ID},\n\t\t{Last Modified When}\n\t),\n\tskipDuplicateMapInputs: true,\n\tskipDuplicateMapOutputs: true) ~> SelectOrCuCiStSaPi\nSelectOrCuCiStSaPiPa derive(IngestDatetime = currentTimestamp(),\n\t\t{Total Excluding Tax} = {Unit Price} *Quantity,\n\t\t{Tax Amount} = {Unit Price} * Quantity * {Tax Rate} / 100,\n\t\t{Total Including Tax} = {Unit Price} * Quantity * ({Tax Rate} + 100) / 100,\n\t\t{Lineage Key} = toString(null())) ~> AddIngestDatetime\nAddIngestDatetime select(mapColumn(\n\t\t{Order Surrogate Key},\n\t\t{City Surrogate Key},\n\t\t{Customer Surrogate Key },\n\t\t{Stock Item Surrogate Key},\n\t\t{Order Date Key},\n\t\t{Picked Date Key},\n\t\t{Salesperson Surrogate Key},\n\t\t{Picker Surrogate Key},\n\t\t{WWI Order ID},\n\t\t{WWI Backorder ID},\n\t\tDescription,\n\t\tPackage,\n\t\tQuantity,\n\t\t{Unit Price},\n\t\t{Tax Rate},\n\t\t{Total Excluding Tax},\n\t\t{Tax Amount},\n\t\t{Total Including Tax},\n\t\t{Lineage Key},\n\t\t{WWI City ID},\n\t\t{WWI Customer ID},\n\t\t{WWI Stock Item ID},\n\t\t{WWI Salesperson ID},\n\t\t{WWI Picker ID},\n\t\t{Last Modified When},\n\t\tIngestDatetime\n\t),\n\tskipDuplicateMapInputs: true,\n\tskipDuplicateMapOutputs: true) ~> SelectResult\nSelectOrCuCiStSaPi, ODSWarehousePack join(SelectOrCuCiStSaPi@PackageTypeID == ODSWarehousePack@PackageTypeID,\n\tjoinType:'inner',\n\tbroadcast: 'auto')~> JoinOrCuCiStSaPiPa\nJoinOrCuCiStSaPiPa select(mapColumn(\n\t\t{Order Surrogate Key},\n\t\t{City Surrogate Key},\n\t\t{Customer Surrogate Key },\n\t\t{Stock Item Surrogate Key},\n\t\t{Order Date Key},\n\t\t{Picked Date Key},\n\t\t{Salesperson Surrogate Key},\n\t\t{Picker Surrogate Key},\n\t\t{WWI Order ID},\n\t\t{WWI Backorder ID},\n\t\tDescription,\n\t\tPackage = PackageTypeName,\n\t\tQuantity,\n\t\t{Unit Price},\n\t\t{Tax Rate},\n\t\t{WWI City ID},\n\t\t{WWI Customer ID},\n\t\t{WWI Stock Item ID},\n\t\t{WWI Salesperson ID},\n\t\t{WWI Picker ID},\n\t\t{Last Modified When}\n\t),\n\tskipDuplicateMapInputs: true,\n\tskipDuplicateMapOutputs: true) ~> SelectOrCuCiStSaPiPa\nSelectResult sink(allowSchemaDrift: true,\n\tvalidateSchema: false,\n\tinput(\n\t\t{Order Staging Key} as long,\n\t\t{City Key} as integer,\n\t\t{Customer Key} as integer,\n\t\t{Stock Item Key} as integer,\n\t\t{Order Date Key} as date,\n\t\t{Picked Date Key} as date,\n\t\t{Salesperson Key} as integer,\n\t\t{Picker Key} as integer,\n\t\t{WWI Order ID} as integer,\n\t\t{WWI Backorder ID} as integer,\n\t\tDescription as string,\n\t\tPackage as string,\n\t\tQuantity as integer,\n\t\t{Unit Price} as decimal(18,2),\n\t\t{Tax Rate} as decimal(18,3),\n\t\t{Total Excluding Tax} as decimal(18,2),\n\t\t{Tax Amount} as decimal(18,2),\n\t\t{Total Including Tax} as decimal(18,2),\n\t\t{Lineage Key} as integer,\n\t\t{WWI City ID} as integer,\n\t\t{WWI Customer ID} as integer,\n\t\t{WWI Stock Item ID} as integer,\n\t\t{WWI Salesperson ID} as integer,\n\t\t{WWI Picker ID} as integer,\n\t\t{Last Modified When} as timestamp\n\t),\n\tdeletable:false,\n\tinsertable:true,\n\tupdateable:false,\n\tupsertable:false,\n\trecreate:true,\n\tformat: 'table',\n\tskipDuplicateMapInputs: true,\n\tskipDuplicateMapOutputs: true,\n\terrorHandlingOption: 'stopOnFirstError') ~> DWIntegrationOrder"
        }
    }
}