{
    "now": "2021-08-20T15:03:21.666Z",
    "perfNow": 2124920,
    "diagnosticCorrelation": "ce51385c-59c7-4164-abb4-9849dbe09136",
    "source": "DownloadSupportFiles",
    "environment": {
        "productName": "adf",
        "buildVersion": "1.0.20210817.11",
        "environmentType": 3,
        "resourceName": "antraazure",
        "resourceRegion": "eastus",
        "resourceGroup": "antra_azure",
        "subscriptionId": "f7581c15-340a-405c-91be-1ac59461c70a",
        "sessionId": "X+s4x",
        "operationId": "G0iWU",
        "gitType": "live"
    },
    "additionalInfo": {
        "selectedResource": "ODSToDWINtegrationMove",
        "selectedResourceType": "pipeline"
    }
}