{
    "name": "IntegrationToFactStockH",
    "properties": {
        "folder": {
            "name": "IntegrationToFact"
        },
        "type": "MappingDataFlow",
        "typeProperties": {
            "sources": [
                {
                    "dataset": {
                        "referenceName": "DWIntegrationStockH",
                        "type": "DatasetReference"
                    },
                    "name": "DWIntegrationStockH"
                }
            ],
            "sinks": [
                {
                    "dataset": {
                        "referenceName": "DWFactStockH",
                        "type": "DatasetReference"
                    },
                    "name": "DWFactStockH"
                }
            ],
            "transformations": [
                {
                    "name": "Lineage"
                }
            ],
            "script": "source(output(\n\t\t{Stock Holding Staging Key} as long,\n\t\t{Stock Item Key} as integer,\n\t\t{Quantity On Hand} as integer,\n\t\t{Bin Location} as string,\n\t\t{Last Stocktake Quantity} as integer,\n\t\t{Last Cost Price} as decimal(18,2),\n\t\t{Reorder Level} as integer,\n\t\t{Target Stock Level} as integer,\n\t\t{WWI Stock Item ID} as integer\n\t),\n\tallowSchemaDrift: true,\n\tvalidateSchema: false,\n\tisolationLevel: 'READ_UNCOMMITTED',\n\tformat: 'table') ~> DWIntegrationStockH\nDWIntegrationStockH derive({Lineage Key} = 12) ~> Lineage\nLineage sink(allowSchemaDrift: true,\n\tvalidateSchema: false,\n\tinput(\n\t\t{Stock Holding Key} as long,\n\t\t{Stock Item Key} as integer,\n\t\t{Quantity On Hand} as integer,\n\t\t{Bin Location} as string,\n\t\t{Last Stocktake Quantity} as integer,\n\t\t{Last Cost Price} as decimal(18,2),\n\t\t{Reorder Level} as integer,\n\t\t{Target Stock Level} as integer,\n\t\t{Lineage Key} as integer\n\t),\n\tdeletable:false,\n\tinsertable:true,\n\tupdateable:false,\n\tupsertable:false,\n\tformat: 'table',\n\tskipDuplicateMapInputs: true,\n\tskipDuplicateMapOutputs: true,\n\terrorHandlingOption: 'stopOnFirstError',\n\tmapColumn(\n\t\t{Stock Holding Key} = {Stock Holding Staging Key},\n\t\t{Stock Item Key},\n\t\t{Quantity On Hand},\n\t\t{Bin Location},\n\t\t{Last Stocktake Quantity},\n\t\t{Last Cost Price},\n\t\t{Reorder Level},\n\t\t{Target Stock Level},\n\t\t{Lineage Key}\n\t)) ~> DWFactStockH"
        }
    }
}