{
    "name": "ControlTable",
    "properties": {
        "linkedServiceName": {
            "referenceName": "wwi_staging",
            "type": "LinkedServiceReference"
        },
        "annotations": [],
        "type": "AzureSqlTable",
        "schema": [
            {
                "name": "ControlID",
                "type": "int",
                "precision": 10
            },
            {
                "name": "ControlKey",
                "type": "nvarchar"
            },
            {
                "name": "ControlValue",
                "type": "datetime",
                "precision": 23,
                "scale": 3
            }
        ],
        "typeProperties": {
            "schema": "Control",
            "table": "ControlTable"
        }
    }
}