{
    "name": "OLTPDynamicTable",
    "properties": {
        "linkedServiceName": {
            "referenceName": "wwi_oltp",
            "type": "LinkedServiceReference"
        },
        "parameters": {
            "TableSchema": {
                "type": "string"
            },
            "TableName": {
                "type": "string"
            }
        },
        "folder": {
            "name": "ForEachCopyActivity"
        },
        "annotations": [],
        "type": "AzureSqlTable",
        "schema": [],
        "typeProperties": {
            "schema": {
                "value": "@dataset().TableSchema",
                "type": "Expression"
            },
            "table": {
                "value": "@dataset().TableName",
                "type": "Expression"
            }
        }
    },
    "type": "Microsoft.DataFactory/factories/datasets"
}