{
    "now": "2021-08-20T15:04:34.140Z",
    "perfNow": 2197394.099999994,
    "diagnosticCorrelation": "ccd357bc-8d39-4a05-873f-94e73774e5ed",
    "source": "DownloadSupportFiles",
    "environment": {
        "productName": "adf",
        "buildVersion": "1.0.20210817.11",
        "environmentType": 3,
        "resourceName": "antraazure",
        "resourceRegion": "eastus",
        "resourceGroup": "antra_azure",
        "subscriptionId": "f7581c15-340a-405c-91be-1ac59461c70a",
        "sessionId": "X+s4x",
        "operationId": "G0iWU",
        "gitType": "live"
    },
    "additionalInfo": {
        "selectedResource": "Movie",
        "selectedResourceType": "pipeline"
    }
}