{
    "name": "ODSPurchasingOrderL",
    "properties": {
        "linkedServiceName": {
            "referenceName": "wwi_staging",
            "type": "LinkedServiceReference"
        },
        "folder": {
            "name": "ODS"
        },
        "annotations": [],
        "type": "AzureSqlTable",
        "schema": [
            {
                "name": "PurchaseOrderLineID",
                "type": "int",
                "precision": 10
            },
            {
                "name": "PurchaseOrderID",
                "type": "int",
                "precision": 10
            },
            {
                "name": "StockItemID",
                "type": "int",
                "precision": 10
            },
            {
                "name": "OrderedOuters",
                "type": "int",
                "precision": 10
            },
            {
                "name": "Description",
                "type": "nvarchar"
            },
            {
                "name": "ReceivedOuters",
                "type": "int",
                "precision": 10
            },
            {
                "name": "PackageTypeID",
                "type": "int",
                "precision": 10
            },
            {
                "name": "ExpectedUnitPricePerOuter",
                "type": "decimal",
                "precision": 18,
                "scale": 2
            },
            {
                "name": "LastReceiptDate",
                "type": "date"
            },
            {
                "name": "IsOrderLineFinalized",
                "type": "bit"
            },
            {
                "name": "LastEditedBy",
                "type": "int",
                "precision": 10
            },
            {
                "name": "LastEditedWhen",
                "type": "datetime2",
                "scale": 7
            },
            {
                "name": "SurrogateID",
                "type": "nvarchar"
            },
            {
                "name": "IngestDatetime",
                "type": "datetime2",
                "scale": 7
            }
        ],
        "typeProperties": {
            "schema": "Purchasing",
            "table": "PurchaseOrderLines"
        }
    },
    "type": "Microsoft.DataFactory/factories/datasets"
}