{
    "name": "ODSToDWIntegrationStock",
    "properties": {
        "folder": {
            "name": "ODSToDWIntegration"
        },
        "type": "MappingDataFlow",
        "typeProperties": {
            "sources": [
                {
                    "dataset": {
                        "referenceName": "ODSWarehouseStock",
                        "type": "DatasetReference"
                    },
                    "name": "ODSWarehouseStock"
                },
                {
                    "dataset": {
                        "referenceName": "ODSWarehouseColor",
                        "type": "DatasetReference"
                    },
                    "name": "ODSWarehouseColor"
                },
                {
                    "dataset": {
                        "referenceName": "ODSWarehousePack",
                        "type": "DatasetReference"
                    },
                    "name": "ODSWarehousePack"
                }
            ],
            "sinks": [
                {
                    "dataset": {
                        "referenceName": "DWIntegrationStock",
                        "type": "DatasetReference"
                    },
                    "name": "DWIntegrationStock"
                }
            ],
            "transformations": [
                {
                    "name": "JoinStockColor"
                },
                {
                    "name": "JoinStockColorPack1"
                },
                {
                    "name": "JoinStockColorPack2"
                },
                {
                    "name": "SelectStockColorPackCol"
                },
                {
                    "name": "AddIngestDatetime"
                },
                {
                    "name": "SelectStockColorPack1Col"
                }
            ],
            "script": "source(output(\n\t\tStockItemID as integer,\n\t\tStockItemName as string,\n\t\tSupplierID as integer,\n\t\tColorID as integer,\n\t\tUnitPackageID as integer,\n\t\tOuterPackageID as integer,\n\t\tBrand as string,\n\t\tSize as string,\n\t\tLeadTimeDays as integer,\n\t\tQuantityPerOuter as integer,\n\t\tIsChillerStock as boolean,\n\t\tBarcode as string,\n\t\tTaxRate as decimal(18,3),\n\t\tUnitPrice as decimal(18,2),\n\t\tRecommendedRetailPrice as decimal(18,2),\n\t\tTypicalWeightPerUnit as decimal(18,3),\n\t\tMarketingComments as string,\n\t\tInternalComments as string,\n\t\tPhoto as binary,\n\t\tCustomFields as string,\n\t\tTags as string,\n\t\tSearchDetails as string,\n\t\tLastEditedBy as integer,\n\t\tValidFrom as timestamp,\n\t\tValidTo as timestamp,\n\t\tSurrogateID as string,\n\t\tIngestDatetime as timestamp\n\t),\n\tallowSchemaDrift: true,\n\tvalidateSchema: false,\n\tisolationLevel: 'READ_UNCOMMITTED',\n\tformat: 'table') ~> ODSWarehouseStock\nsource(output(\n\t\tColorID as integer,\n\t\tColorName as string,\n\t\tLastEditedBy as integer,\n\t\tValidFrom as timestamp,\n\t\tValidTo as timestamp,\n\t\tSurrogateID as string,\n\t\tIngestDatetime as timestamp\n\t),\n\tallowSchemaDrift: true,\n\tvalidateSchema: false,\n\tisolationLevel: 'READ_UNCOMMITTED',\n\tformat: 'table') ~> ODSWarehouseColor\nsource(output(\n\t\tPackageTypeID as integer,\n\t\tPackageTypeName as string,\n\t\tLastEditedBy as integer,\n\t\tValidFrom as timestamp,\n\t\tValidTo as timestamp,\n\t\tSurrogateID as string,\n\t\tIngestDatetime as timestamp\n\t),\n\tallowSchemaDrift: true,\n\tvalidateSchema: false,\n\tisolationLevel: 'READ_UNCOMMITTED',\n\tformat: 'table') ~> ODSWarehousePack\nODSWarehouseStock, ODSWarehouseColor join(ODSWarehouseStock@ColorID == ODSWarehouseColor@ColorID,\n\tjoinType:'left',\n\tbroadcast: 'auto')~> JoinStockColor\nJoinStockColor, ODSWarehousePack join(UnitPackageID == PackageTypeID,\n\tjoinType:'inner',\n\tbroadcast: 'auto')~> JoinStockColorPack1\nSelectStockColorPack1Col, ODSWarehousePack join(OuterPackageID == PackageTypeID,\n\tjoinType:'inner',\n\tbroadcast: 'auto')~> JoinStockColorPack2\nJoinStockColorPack2 select(mapColumn(\n\t\t{Stock Item Surrogate Key},\n\t\t{WWI Stock Item ID},\n\t\t{Stock Item},\n\t\tColor,\n\t\t{Selling Package},\n\t\t{Buying Package} = PackageTypeName,\n\t\tBrand,\n\t\tSize,\n\t\t{Lead Time Days},\n\t\t{Quantity Per Outer},\n\t\t{Is Chiller Stock},\n\t\tBarcode,\n\t\t{Tax Rate},\n\t\t{Unit Price},\n\t\t{Recommended Retail Price},\n\t\t{Typical Weight Per Unit},\n\t\tPhoto,\n\t\t{Valid From},\n\t\t{Valid To}\n\t),\n\tskipDuplicateMapInputs: true,\n\tskipDuplicateMapOutputs: true) ~> SelectStockColorPackCol\nSelectStockColorPackCol derive({Ingest Datetime} = currentTimestamp()) ~> AddIngestDatetime\nJoinStockColorPack1 select(mapColumn(\n\t\t{Stock Item Surrogate Key} = ODSWarehouseStock@SurrogateID,\n\t\t{WWI Stock Item ID} = StockItemID,\n\t\t{Stock Item} = StockItemName,\n\t\tColor = ColorName,\n\t\t{Selling Package} = PackageTypeName,\n\t\tOuterPackageID,\n\t\tBrand,\n\t\tSize,\n\t\t{Lead Time Days} = LeadTimeDays,\n\t\t{Quantity Per Outer} = QuantityPerOuter,\n\t\t{Is Chiller Stock} = IsChillerStock,\n\t\tBarcode,\n\t\t{Tax Rate} = TaxRate,\n\t\t{Unit Price} = UnitPrice,\n\t\t{Recommended Retail Price} = RecommendedRetailPrice,\n\t\t{Typical Weight Per Unit} = TypicalWeightPerUnit,\n\t\tPhoto,\n\t\t{Valid From} = ODSWarehouseStock@ValidFrom,\n\t\t{Valid To} = ODSWarehouseStock@ValidTo\n\t),\n\tskipDuplicateMapInputs: true,\n\tskipDuplicateMapOutputs: true) ~> SelectStockColorPack1Col\nAddIngestDatetime sink(allowSchemaDrift: true,\n\tvalidateSchema: false,\n\tinput(\n\t\t{Stock Item Staging Key} as integer,\n\t\t{WWI Stock Item ID} as integer,\n\t\t{Stock Item} as string,\n\t\tColor as string,\n\t\t{Selling Package} as string,\n\t\t{Buying Package} as string,\n\t\tBrand as string,\n\t\tSize as string,\n\t\t{Lead Time Days} as integer,\n\t\t{Quantity Per Outer} as integer,\n\t\t{Is Chiller Stock} as boolean,\n\t\tBarcode as string,\n\t\t{Tax Rate} as decimal(18,3),\n\t\t{Unit Price} as decimal(18,2),\n\t\t{Recommended Retail Price} as decimal(18,2),\n\t\t{Typical Weight Per Unit} as decimal(18,3),\n\t\tPhoto as binary,\n\t\t{Valid From} as timestamp,\n\t\t{Valid To} as timestamp\n\t),\n\tdeletable:false,\n\tinsertable:true,\n\tupdateable:false,\n\tupsertable:false,\n\trecreate:true,\n\tformat: 'table',\n\tskipDuplicateMapInputs: true,\n\tskipDuplicateMapOutputs: true,\n\terrorHandlingOption: 'stopOnFirstError') ~> DWIntegrationStock"
        }
    }
}