{
    "now": "2021-08-20T15:03:25.703Z",
    "perfNow": 2128956.900000006,
    "diagnosticCorrelation": "6847e5f8-2bac-4a37-8929-03be6d54cbba",
    "source": "DownloadSupportFiles",
    "environment": {
        "productName": "adf",
        "buildVersion": "1.0.20210817.11",
        "environmentType": 3,
        "resourceName": "antraazure",
        "resourceRegion": "eastus",
        "resourceGroup": "antra_azure",
        "subscriptionId": "f7581c15-340a-405c-91be-1ac59461c70a",
        "sessionId": "X+s4x",
        "operationId": "G0iWU",
        "gitType": "live"
    },
    "additionalInfo": {
        "selectedResource": "ODSToDWIntegrationOrder",
        "selectedResourceType": "pipeline"
    }
}